globalid,COMID,CatAreaSqKm,WsAreaSqKm,CatPctFull,WsPctFull,PctOw2011Cat,PctIce2011Cat,PctBl2011Cat,PctDecid2011Cat,PctConif2011Cat,PctMxFst2011Cat,PctShrb2011Cat,PctGrs2011Cat,PctHay2011Cat,PctCrop2011Cat,PctWdWet2011Cat,PctHbWet2011Cat,PctOw2011Ws,PctIce2011Ws,PctBl2011Ws,PctDecid2011Ws,PctConif2011Ws,PctMxFst2011Ws,PctShrb2011Ws,PctGrs2011Ws,PctHay2011Ws,PctCrop2011Ws,PctWdWet2011Ws,PctHbWet2011Ws,CatAreaSqKmRp100,WsAreaSqKmRp100,CatPctFullRp100,WsPctFullRp100,PctOw2011CatRp100,PctIce2011CatRp100,PctBl2011CatRp100,PctDecid2011CatRp100,PctConif2011CatRp100,PctMxFst2011CatRp100,PctShrb2011CatRp100,PctGrs2011CatRp100,PctHay2011CatRp100,PctCrop2011CatRp100,PctWdWet2011CatRp100,PctHbWet2011CatRp100,PctOw2011WsRp100,PctIce2011WsRp100,PctBl2011WsRp100,PctDecid2011WsRp100,PctConif2011WsRp100,PctMxFst2011WsRp100,PctShrb2011WsRp100,PctGrs2011WsRp100,PctHay2011WsRp100,PctCrop2011WsRp100,PctWdWet2011WsRp100,PctHbWet2011WsRp100,urb,urbRip,forr,forrRip,ag,agRip,wet,wetRip,urbWs,urbRipWs,forrWs,forrWsRip,agWs,agRipWs,wetWS,wetRipWS
{195DB4CB-28BD-4BB1-A672-F77B608BCCF0},17600477,2.4984,502.7094,100,100,0,0,0,0,40.20172911,2.125360231,15.38184438,2.161383285,0,0,0,0,0.12746927,0,0.065345904,0.007698285,42.95427935,8.599162856,31.08621005,14.41369507,0,0.122277403,0.444889234,0.067673292,0.5832,114.9084,100,100,0,0,0,0,33.64197531,1.234567901,28.08641975,0,0,0,0,0,0.303894232,0,0.041511326,0,45.92875717,9.490428898,26.67376798,11.2346878,0,0.303111,1.825715091,0.193458442,40.129683,37.03703704,42.32708934,34.87654321,0,0,0,0,2.111299291,4.004668066,51.56114049,55.41918606,0.122277403,0.303111,0.512562526,2.019173533
{154E678D-3747-49B3-9174-729254332606},22630702,5.337,40.7709,100,100,0,0,1.112984823,0,0,0.65767285,50.45531197,41.53456998,0,0,0,0,0,0,0.78364716,0,21.37259663,2.843204344,47.6987263,25.46963643,0,0,0,0,1.5912,9.9423,100,100,0,0,0.791855204,0,0,0,64.25339367,23.24660633,0,0,0,0,0,0,0.588395039,0,18.45749977,1.031954377,51.9326514,23.35475695,0,0,0,0,6.239460371,11.7081448,0.65767285,0,0,0,0,0,1.832189135,4.634742464,24.21580098,19.48945415,0,0,0,0
{C61EAE53-4AD7-4BEC-92E8-EDBD03091AD9},948100382,2.5407,399.5424,100,100,0.637619554,0,0.070846617,0.177116543,0,0,12.64612115,0,0,0,0,0,0.011037627,0,2.900868594,0.017344842,12.96876126,2.802881496,56.63046025,14.99067433,0.010136596,0.004955669,0.064198443,0.013290204,0.3474,76.2309,100,100,0,0,0,0,0,0,9.585492228,0,0,0,0,0,0.009444989,0,2.709531174,0.048405568,12.29501423,3.303384848,61.0783816,16.58067791,0.033057461,0.025973719,0.199525389,0.01652873,86.46829614,90.41450777,0.177116543,0,0,0,0,0,9.585390687,3.700074379,15.7889876,15.64680464,0.015092266,0.05903118,0.077488647,0.21605412
{68744FBF-49B6-4345-AD4B-196B11DB5F03},22593529,18.1899,1925.4123,100,100,0,0,0.643214091,0,0,0.024739004,27.99960418,0,0,0,0.029686804,0,0.049781545,0,7.52743711,0.008600755,10.69606754,1.687337304,54.29049144,14.55790014,0.338187307,0.012901133,0.099189145,0.145979124,0.9108,355.6107,100,100,0,0,1.778656126,0,0,0,20.9486166,0,0,0,0,0,0.009364173,0,7.042870195,0.027080175,9.557530187,2.142117771,56.05292529,17.04304735,0.355079304,0.011388859,0.409239654,0.649164944,71.30275592,77.27272727,0.024739004,0,0,0,0.029686804,0,10.58612745,6.700192092,12.3920056,11.72672813,0.35108844,0.366468163,0.245168269,1.058404598
{94C24C07-5D79-4B5C-A38D-526D0FF60B1A},22591993,1.0755,208.4868,100,100,0,0,2.677824268,0,0,0,97.32217573,0,0,0,0,0,0,0,1.221228394,0.00431682,0.029354376,0.006906912,95.20358123,1.394764561,0,0,0.028491012,0,0.1629,36.9423,100,100,0,0,12.70718232,0,0,0,87.29281768,0,0,0,0,0,0,0,1.615221575,0.024362316,0.024362316,0,94.07995712,1.47392014,0,0,0.143737667,0,0,0,0,0,0,0,0,0,2.11135669,2.638438863,0.040578109,0.048724633,0,0,0.028491012,0.143737667
{C9500F1D-2A9C-4A67-9BD5-FC33B7B90BF9},21389968,2.6298,41.4675,100,100,0,0,0,0,3.559206023,0,96.44079398,0,0,0,0,0,0,0,0,0,8.327726533,0,89.65599566,0.976668475,0,0,0,0,0.7812,10.1754,100,100,0,0,0,0,0,0,100,0,0,0,0,0,0,0,0,0,8.685653635,0,89.85494428,0.362639307,0,0,0,0,0,0,3.559206023,0,0,0,0,0,1.039609333,1.096762781,8.327726533,8.685653635,0,0,0,0
{D8E6CC6B-7EE4-41EC-B53A-436FDC0ECADB},21400617,12.8052,208.3356,100,100,0,0,0,0,0,0,91.74163621,3.373629463,0,0,0,0,0,0,0.305852672,0,10.46033419,0,78.44127456,10.19552107,0,0,0,0,0.3195,31.9401,100,100,0,0,0,0,0,0,76.90140845,5.070422535,0,0,0,0,0,0,0.126799853,0,8.656203331,0,76.43495168,13.59857984,0,0,0,0,4.884734327,18.02816901,0,0,0,0,0,0,0.597017504,1.183465299,10.46033419,8.656203331,0,0,0,0
{06A7512C-EC2C-4C45-BDCA-E19DBEB59AB0},20449620,22.3434,22.3434,100,100,0,0,0.020140176,0,96.10489003,0,2.980745992,0.894223798,0,0,0,0,0,0,0.020140176,0,96.10489003,0,2.980745992,0.894223798,0,0,0,0,2.9142,2.9142,100,100,0,0,0.123533045,0,96.20135886,0,3.613341569,0.061766523,0,0,0,0,0,0,0.123533045,0,96.20135886,0,3.613341569,0.061766523,0,0,0,0,0,0,96.10489003,96.20135886,0,0,0,0,0,0,96.10489003,96.20135886,0,0,0,0
{1EA475D3-3DE8-4D02-BABB-807C24F4DC57},20437442,2.4273,119.2554,100,100,0,0,0,0,0,0,97.55283648,0,0,0,2.447163515,0,0,0,0,0,5.734079966,0.011320242,93.890088,0,0,0,0.332815118,0.031696678,0.2457,23.8266,100,100,0,0,0,0,0,0,83.15018315,0,0,0,16.84981685,0,0,0,0,0,3.773513636,0.037772909,95.16506761,0,0,0,0.997204805,0.026441036,0,0,0,0,0,0,2.447163515,16.84981685,0,0,5.745400208,3.811286545,0,0,0.364511796,1.023645841
{A80CD7EC-27C9-4EB3-AC7E-2DC537105A18},21383672,4.0716,4.0716,100,100,0,0,0,0,0,0,100,0,0,0,0,0,0,0,0,0,0,0,100,0,0,0,0,0,1.404,1.404,100,100,0,0,0,0,0,0,100,0,0,0,0,0,0,0,0,0,0,0,100,0,0,0,0,0,0,0,0,0,0,0,0,0,0,0,0,0,0,0,0,0
{F5A4BC1D-0264-47A9-BF2A-E838FFC093A0},21383512,2.9646,11488.941,100,100,0,0,0,0,0,0,99.63570128,0,0,0,0.364298725,0,0.149340135,0,0.188398565,0.271975459,12.59431483,0.002365753,84.42941869,1.62184922,0.161584083,0.003274453,0.161866094,0.057459604,0.4644,1811.7747,100,100,0,0,0,0,0,0,97.6744186,0,0,0,2.325581395,0,0.010779486,0,0.319708626,0.172918851,9.346559481,0.008891834,86.69528281,2.052473743,0.192192771,0.003576604,0.571660483,0.15205533,0,0,0,0,0,0,0.364298725,2.325581395,0.358153114,0.473899983,12.86865604,9.528370167,0.164858537,0.195769375,0.219325698,0.723715813
{9076BD8E-DCDC-45DE-8457-1211F00126D1},22591029,1.0035,95.4,100,100,0,0,0.538116592,0.448430493,0.896860987,0.986547085,97.13004484,0,0,0,0,0,0.004716981,0,2.882075472,0.020754717,26.70943396,1.987735849,56.79528302,10.94245283,0,0,0.416037736,0.027358491,0.5742,18.6093,100,100,0,0,0.940438871,0.626959248,0.470219436,1.724137931,96.23824451,0,0,0,0,0,0,0,1.760410118,0.101562122,19.69821541,3.298350825,62.97818833,8.84074092,0,0,2.103786816,0.140252454,0,0,2.331838565,2.821316614,0,0,0,0,0.214150943,1.078493012,28.71792453,23.09812836,0,0,0.443396226,2.244039271
{D03B5D74-2808-4E12-8915-956250367862},22549515,8.7831,33.2874,100,100,0,0,0,0,0,16.31314684,75.14089558,8.074597807,0,0,0.225432934,0.122963418,0,0,0,0,10.78516195,23.32504191,61.28535121,2.828097118,0,0,0.254150219,0.091926675,1.5399,6.9534,100,100,0,0,0,0,0,9.76037405,76.85563998,11.39684395,0,0,1.285797779,0.701344243,0,0,0,0,15.68728967,19.18198291,58.03779446,3.792389335,0,0,1.203727673,0.375355941,0.122963418,0,16.31314684,9.76037405,0,0,0.348396352,1.987142022,1.430270913,1.721460005,34.11020386,34.86927259,0,0,0.346076894,1.579083614
{C4B26978-8955-4CB6-8D75-80412FBE9D97},22549643,4.2237,13.7466,100,100,0,0,0,0,2.663541445,17.89899851,76.04943533,2.919241423,0,0,0,0,0,0,0,0,24.30273668,30.94146916,42.24826503,1.001702239,0,0,0,0,0.9999,3.7467,100,100,0,0,0,0,3.600360036,3.96039604,86.85868587,5.580558056,0,0,0,0,0,0,0,0,32.54864281,23.46865241,42.01297141,1.489310593,0,0,0,0,0.468783294,0,20.56253995,7.560756076,0,0,0,0,1.505826895,0.480422772,55.24420584,56.01729522,0,0,0,0
{7852F5B8-CC32-4CF1-8CD5-7571BCE472F8},20355400,7.3494,7.3494,100,100,0.5143277,0,0,0,0,0,62.55204506,15.17266716,0,0,0.416360519,0.428606417,0.5143277,0,0,0,0,0,62.55204506,15.17266716,0,0,0.416360519,0.428606417,1.7037,1.7037,100,100,1.426307448,0,0,0,0,0,45.95879556,17.37982039,0,0,1.796090861,1.584786054,1.426307448,0,0,0,0,0,45.95879556,17.37982039,0,0,1.796090861,1.584786054,20.91599314,31.85419968,0,0,0,0,0.844966936,3.380876915,20.91599314,31.85419968,0,0,0,0,0.844966936,3.380876915
{A5C2D30D-6800-49D8-AA65-686E826F6D9E},15903135,NA,NA,NA,NA,NA,NA,NA,NA,NA,NA,NA,NA,NA,NA,NA,NA,NA,NA,NA,NA,NA,NA,NA,NA,NA,NA,NA,NA,NA,NA,NA,NA,NA,NA,NA,NA,NA,NA,NA,NA,NA,NA,NA,NA,NA,NA,NA,NA,NA,NA,NA,NA,NA,NA,NA,NA,NA,NA,NA,NA,NA,NA,NA,NA,NA,NA,NA,NA,NA,NA,NA,NA
{D8F05F1B-69EB-4422-B537-BA81DAA58ABE},22437996,9.1305,32.5107,100,100,0,0,0,0,81.04484968,0,18.95515032,0,0,0,0,0,0,0,0,0,92.79683304,0,7.203166957,0,0,0,0,0,1.0656,3.8322,100,100,0,0,0,0,79.30743243,0,20.69256757,0,0,0,0,0,0,0,0,0,90.67637388,0,9.323626116,0,0,0,0,0,0,0,81.04484968,79.30743243,0,0,0,0,0,0,92.79683304,90.67637388,0,0,0,0
{F4CD4AA2-04E4-4796-9EF8-F7CC6187F021},15894026,11.2941,2257.731,100,100,0,0,1.282970755,0,0,0,11.22001753,0.573750896,0,0.175312774,0,0,0.006298359,0,0.398670169,0.002949864,10.4232258,0.156103628,79.28286408,0.658696718,0.002391782,0.033126178,0.0807625,0.049151117,0.5472,380.9079,100,100,0,0,25,0,0,0,29.27631579,3.125,0,0,0,0,0.005670662,0,0.706469989,0.008742271,9.50048555,0.096164978,79.2489208,0.796964306,0.00590694,0.062377283,0.325826794,0.138694944,86.74794804,42.59868421,0,0,0.175312774,0,0,0,8.905759809,9.10377548,10.58227929,9.6053928,0.03551796,0.068284223,0.129913617,0.464521739
{E2366335-49BD-4F8C-8D76-29268EAA8633},15892894,15.5376,2355.5088,100,100,0,0,2.392261353,0,0,0,25.58503244,0.515523633,0,0.121640408,0,0,0.006036912,0,0.421246569,0.002827415,10.13551722,0.149623725,77.44426172,0.642090575,0.002292498,0.034540308,0.078135985,0.047110841,3.8133,403.5798,100,100,0,0,7.977342459,0,0,0,32.75902761,0.826056172,0,0,0,0,0.005352101,0,0.846301029,0.008251156,9.03011003,0.090762719,77.38870974,0.790103965,0.005575106,0.058873115,0.309975871,0.130903479,71.38554217,58.43757376,0,0,0.121640408,0,0,0,11.03631623,11.33508169,10.28796836,9.129123906,0.036832807,0.064448221,0.125246826,0.44087935
{0E5D804B-4D7A-42A3-BE8C-BD04D793C53B},945050134,5.9715,658.3329,100,100,0.286360211,0,1.567445365,0,0,0,18.25169555,0.859080633,0,0,0,0,0.008202537,0,0.464537015,0,15.06983777,0.03130635,74.34232742,0.067534222,0,0.005058231,0.018045581,0,0.8991,142.6482,100,100,0,0,4.204204204,0,0,0,48.84884885,4.804804805,0,0,0,0,0,0,0.44353872,0,12.33895696,0.029653371,79.82498202,0.092114727,0,0.005678305,0.069401507,0,79.03541824,42.14214214,0,0,0,0,0,0,9.993150882,7.195674393,15.10114412,12.36861033,0.005058231,0.005678305,0.018045581,0.069401507
{F42C2ADE-0D3F-4420-8809-BB4CDB5D4AFA},20488086,0.2187,56.2815,100,100,0,0,0,0,98.7654321,0,1.234567901,0,0,0,0,0,0,0,0,0.009594627,99.49148477,0,0.326217318,0.126329256,0,0,0,0.046374031,0.1152,11.2212,100,100,0,0,0,0,97.65625,0,2.34375,0,0,0,0,0,0,0,0,0,99.78344562,0,0.064164261,0.048123195,0,0,0,0.104266923,0,0,98.7654321,97.65625,0,0,0,0,0,0,99.5010794,99.78344562,0,0,0.046374031,0.104266923
{38CCB345-A4FC-4D78-B601-FCFD4D878355},20525511,3.0618,52.5663,100,100,0,0,0,0,98.67724868,0,1.322751323,0,0,0,0,0,0,0,0,0,96.26585854,0,0.544455288,3.175989179,0,0,0,0.013696988,0.6093,8.0406,100,100,0,0,0,0,100,0,0,0,0,0,0,0,0,0,0,0,94.59368704,0,0.134318334,5.182449071,0,0,0,0.089545556,0,0,98.67724868,100,0,0,0,0,0,0,96.26585854,94.59368704,0,0,0.013696988,0.089545556
{ACC41397-C6A2-48D0-9B32-E583338E14D8},20438172,3.9267,12.5676,100,100,0,0,2.544121018,0,86.33967454,0,11.11620445,0,0,0,0,0,0,0,2.91463764,0,90.53279863,0,5.814952736,0.042967631,0,0,0,0,0.4761,2.3175,100,100,0,0,0.945179584,0,97.731569,0,1.323251418,0,0,0,0,0,0,0,0.27184466,0,98.67961165,0,0.621359223,0,0,0,0,0,0,0,86.33967454,97.731569,0,0,0,0,0.694643369,0.427184466,90.53279863,98.67961165,0,0,0,0
{16A2BF63-459F-4190-B074-839519FC5800},20476930,0.6876,76.455,100,100,0,0,0,0,0,0,100,0,0,0,0,0,0,0,0.198940553,0,5.002942908,0,94.69570335,0.085932902,0,0,0.005885815,0.007062978,0.1512,16.1865,100,100,0,0,0,0,0,0,100,0,0,0,0,0,0,0,0.100083403,0,4.948568251,0,94.69557965,0.194606617,0,0,0.027800945,0.033361134,0,0,0,0,0,0,0,0,0.003531489,0,5.002942908,4.948568251,0,0,0.012948793,0.06116208
{E9877760-1F69-4FB2-B3B3-4338B0AADEF5},22431676,0.9864,6.4629,100,100,0,0,0,0,0,0,99.72627737,0,0,0,0.273722628,0,0,0,0,0,2.910458153,0,97.00598802,0,0,0,0.083553823,0,0.2799,1.4931,100,100,0,0,0,0,0,0,99.03536977,0,0,0,0.964630225,0,0,0,0,0,3.676913803,0,95.96142254,0,0,0,0.361663653,0,0,0,0,0,0,0,0.273722628,0.964630225,0,0,2.910458153,3.676913803,0,0,0.083553823,0.361663653
{F9492B54-06C5-4B27-9242-4E66505D7A9D},21739202,0.8595,704.241,100,100,0,0,0,0,0,0,85.13089005,13.5078534,0,0,1.361256545,0,0.170864803,0,0.03961712,0,81.50519495,0,10.79540953,5.726462958,0,0,0.052396836,0,0.1341,129.4272,100,100,0,0,0,0,0,0,87.91946309,3.355704698,0,0,8.724832215,0,0,0,0.143246551,0,80.99618936,0,13.31775701,4.163189809,0,0,0.278148643,0,0,0,0,0,0,0,1.361256545,8.724832215,1.710053803,1.101468625,81.50519495,80.99618936,0,0,0.052396836,0.278148643
{638C1F3D-DD42-475B-8935-BD3B38D1E20B},15893872,1.6767,92.4399,100,100,0,0,0.322061192,0,0,0,98.6044015,0,0,0,0,0,0,0,0.005841633,0,46.55587035,0.107096611,52.8404942,0,0,0,0.020445717,0,0.4473,16.0425,100,100,0,0,0,0,0,0,98.39034205,0,0,0,0,0,0,0,0,0,42.53015428,0.117812062,56.95932679,0,0,0,0.117812062,0,1.073537305,1.609657948,0,0,0,0,0,0,0.470251482,0.274894811,46.66296697,42.64796634,0,0,0.020445717,0.117812062
{05FAB0A8-0C7C-466D-A998-F3EFB60196AA},15895658,11.6568,41.8716,100,100,0,0,0,0,1.034589253,0,97.45985176,0,0,0.177578752,1.327980235,0,0,0,0,0,32.9507351,0.389046514,65.99819448,0.242885392,0,0.04943685,0.369701659,0,2.6973,7.2891,100,100,0,0,0,0,0.2669336,0,93.59359359,0,0,0.767434101,5.372038705,0,0,0,0,0,24.45980985,0.024694407,73.24361032,0,0,0.283985677,1.987899741,0,0,0,1.034589253,0.2669336,0.177578752,0.767434101,1.327980235,5.372038705,0,0,33.33978162,24.48450426,0.04943685,0.283985677,0.369701659,1.987899741
{93DF0C9C-E1FC-47C6-9F1A-C3504D12778F},15932661,3.4767,3098.4246,100,42.13650705,0,0,0,0,0,0.129433083,93.26947968,0.388299249,0,0,2.355682112,2.433341962,0.028746111,0,0.042740021,0.000344678,10.0754775,0.337232556,79.25123619,2.528692686,0.617386503,2.940789215,0.09106382,0.02660911,0.6408,272.5074,100,88.63124451,0,0,0,0,0,0.421348315,73.1741573,0,0,0,11.37640449,13.20224719,0.001117889,0,0.022730406,0,9.653715304,0.224323025,80.70300302,1.5479034,0.606641005,3.112202502,0.42964194,0.132656141,1.423763914,1.825842697,0.129433083,0.421348315,0,0,4.789024075,24.57865169,4.059681614,3.566065367,10.41305473,9.878038329,3.558175718,3.718843507,0.11767293,0.562298081
{C0854C17-4C53-4B78-B64B-92EEC9143492},15932809,0.4266,2716.0434,100,33.99013064,0,0,0,0,0,0,67.51054852,1.265822785,0,14.55696203,1.054852321,0,0.035583268,0,0.050206529,0.000487442,13.42961288,0.467554396,74.41485021,3.309341437,0.765283989,3.911917275,0.071459002,0.015598145,0.036,203.7996,100,84.79844906,0,0,0,0,0,0,25,0,0,62.5,12.5,0,0,0,0.028642701,0,12.71058895,0.294238651,76.72389999,1.989365746,0.441097588,4.090698413,0.32027747,0.067700929,15.61181435,0,0,0,14.55696203,62.5,1.054852321,12.5,3.52810542,3.333489566,13.89765472,13.0048276,4.677201264,4.531796001,0.087057147,0.387978398
{EAB8CCC1-9C7E-4D8B-88D0-3B7CD0ED4508},17572225,1.5471,146.1699,100,100,0,0,2.268760908,0,0,4.013961606,61.2565445,9.133216987,0,0,1.454333915,0,0.138537414,0,7.358491728,0,7.687287191,1.31395041,59.95529859,18.44825782,0,0,0.128685865,0.137305971,0.2529,33.084,100,100,0,0,10.3202847,0,0,0,43.77224199,12.09964413,0,0,8.896797153,0,0.092491839,0,4.377040261,0,5.552230686,1.066376496,64.18933624,14.48585419,0,0,0.522306855,0.481501632,21.87318208,24.91103203,4.013961606,0,0,0,1.454333915,8.896797153,4.832185012,9.232861806,9.001237601,6.618607182,0,0,0.265991836,1.003808487
{FAA94E34-F280-4F31-8B6B-D326A4D36F9A},22563272,1.413,32.8509,100,100,0,0,0,0,3.885350318,0.063694268,75.98726115,1.464968153,0,0,0.955414013,0,0.082189529,0,0,0,9.353168406,1.635571628,86.36475713,0.161639407,0,0,0.457521712,0,0.3087,7.0119,100,100,0,0,0,0,8.746355685,0,37.90087464,3.206997085,0,0,4.373177843,0,0.179694519,0,0,0,10.33243486,2.60557053,80.2464382,0.141188551,0,0,2.053651649,0,17.6433121,45.77259475,3.949044586,8.746355685,0,0,0.955414013,4.373177843,1.945152188,4.441021692,10.98874003,12.93800539,0,0,0.457521712,2.053651649
{A99257B7-E6DA-4646-8E0C-DDE2B7D803DE},20348919,6.4152,285.6573,100,100,0,0,0,0,0,0.098204265,10.38159371,13.39786756,0,0,0,0,0.135477021,0,0.445498855,0.001575314,1.727804611,0.71235708,75.33026462,6.518020019,0.22085905,0.356336071,0.957791031,0.239447758,0.5247,63.423,100,100,0,0,0,0,0,0,0,0.686106346,0,0,0,0,0.119199659,0,1.190577551,0.007095218,2.826734781,1.162196679,66.31190578,6.529019441,0.205761317,0.340570456,3.64268483,0.807435788,76.12233446,99.31389365,0.098204265,0,0,0,0,0,13.35456857,16.8568185,2.441737004,3.996026678,0.577195122,0.546331772,1.197238789,4.450120619
{DA66138F-F86E-4FCD-8E03-8F78C8042F5C},20350681,1.3212,141.3549,100,100,0,0,0,0,0.340599455,0,1.089918256,11.98910082,0,0,0,0,0.467334348,0,0.015280687,0.003183476,3.732944525,1.146688229,37.65925341,3.872380795,0,0,0.734109677,0.038838413,0.2313,32.8977,100,100,0,0,0,0,0,0,0,0,0,0,0,0,0.265368096,0,0,0,4.379941455,1.072415397,33.87683637,3.050365223,0,0,2.440292178,0.147730692,86.58038147,100,0.340599455,0,0,0,0,0,52.32998644,54.76705058,4.882816231,5.452356852,0,0,0.77294809,2.588022871
{1BA3F45E-FE23-4123-939C-D0270B57CAA7},20586762,8.2863,8.2863,100,100,0,0,0,0.076029108,56.94580211,0,5.332898881,37.6452699,0,0,0,0,0,0,0,0.076029108,56.94580211,0,5.332898881,37.6452699,0,0,0,0,1.0566,1.0566,100,100,0,0,0,0.511073254,79.30153322,0,4.514480409,15.67291312,0,0,0,0,0,0,0,0.511073254,79.30153322,0,4.514480409,15.67291312,0,0,0,0,0,0,57.02183122,79.81260647,0,0,0,0,0,0,57.02183122,79.81260647,0,0,0,0
{C0DF2B51-89FB-40EB-8EB0-423FC8515F03},20851387,10.5219,346.383,100,100,0,0,0,0,4.952527585,0,79.53126336,8.904285348,0,0,3.070738175,0,0.004936732,0,0,0,81.17806012,0,12.14436043,4.883986801,0.446384493,0.141086601,0.177982176,0,0.8433,38.8224,100,100,0,0,0,0,0.53361793,0,60.6189968,2.454642476,0,0,34.79188901,0,0.020864243,0,0,0,72.15318991,0,12.14994436,5.31110905,2.971995549,1.038575668,1.46977003,0,3.541185527,1.600853789,4.952527585,0.53361793,0,0,3.070738175,34.79188901,1.02320264,4.884551187,81.17806012,72.15318991,0.587471094,4.010571217,0.177982176,1.46977003
{6F2784B1-7685-4527-A746-547CF66EB752},20772322,30.8268,61.8966,100,100,0,0,0,0,86.08548406,0,9.564404998,2.300595586,0,0,0,0,0,0,0.042167098,0.615058016,88.88533457,0,7.419955216,1.29990985,0,0,0,0,4.4784,7.6878,100,100,0,0,0,0,70.67926045,0,22.08601286,7.013665595,0,0,0,0,0,0,0.339498946,0.01170686,77.8389136,0,15.73402014,4.460313744,0,0,0,0,2.049515357,0.221061093,86.08548406,70.67926045,0,0,0,0,1.737575246,1.61554671,89.50039259,77.85062046,0,0,0,0
{C7231969-3731-4AA9-A1E4-38FE5184C125},22455359,10.0827,536.49,100,100,0.339194859,0,0.624832634,0.062483263,0,0,85.74488976,0,0,7.587253414,1.820940819,1.347853254,0.006374769,0,0.170273444,0.0011743,4.149303808,0,92.92836772,2.404462339,0,0.142593525,0.034222446,0.02533132,1.2861,97.3773,100,100,0,0,0,0.489853044,0,0,83.41497551,0,0,0.279916025,8.8873338,3.988803359,0,0,0.076711924,0.00646968,4.820836068,0,90.88791741,3.949277706,0,0.00369696,0.117378486,0.052681682,2.472551995,2.939118265,0.062483263,0.489853044,7.587253414,0.279916025,3.168794073,12.87613716,0.137896326,0.085030084,4.150478108,4.827305748,0.142593525,0.00369696,0.059553766,0.170060168
{F7F53F08-6730-4E55-B049-0E9AE0CEAB1E},20766191,30.8601,2553.0246,100,100,0,0,0.02041471,0.014581936,0.014581936,0,55.90130946,0,0,36.67940156,0.460789174,0,0.000881308,0,0.008072778,0.000352523,13.33767407,0,61.30904497,24.2813289,0.006803695,0.813517426,0.006662686,0,1.2987,411.0183,100,100,0,0,0,0.346500347,0.346500347,0,62.50866251,0,0,18.78031878,6.237006237,0,0,0,0.000437937,0.001094842,8.588157754,0,57.07935632,34.10344503,0.014451911,0.09700298,0.019707152,0,6.908921228,11.78101178,0.029163872,0.693000693,36.67940156,18.78031878,0.460789174,6.237006237,0.235661654,0.096346075,13.33802659,8.589252595,0.82032112,0.111454891,0.006662686,0.019707152
{AB381DB6-9462-4725-B0D3-5AE2C7E3B931},22455973,114.5322,897.561,100,100,0,0,0.324537554,0,0,0,97.4838517,0.003929026,0,0.948466894,0.224740291,0.204309356,0,0,0.045122281,0.001102989,0.685658134,0,77.58595795,21.3073429,0,0.121027986,0.028677717,0.026070651,11.826,183.4524,100,100,0,0,0.076103501,0,0,0,94.96194825,0,0,1.385083714,1.491628615,1.453576865,0,0,0.005887086,0.005396495,0.872269864,0,66.30820856,32.39761377,0,0.089287466,0.096155733,0.093702781,0.810165176,0.631659056,0,0,0.948466894,1.385083714,0.429049647,2.945205479,0.199039397,0.131478247,0.686761123,0.877666359,0.121027986,0.089287466,0.054748368,0.189858514
{6D701535-9FB2-4702-B29D-CB9DF761ACE1},20784366,16.2036,482.6358,100,100,0,0,0.544323484,0,0,0,50.7831593,0,0,2.093979116,0.038880249,0,0,0,0.065266605,0,0.104985996,0,78.63991855,18.77720219,0,0.070301457,0.001305332,0,2.1483,82.4913,100,100,0,0,0.209467951,0,0,0,54.41977377,0,0,0,0,0,0,0,0.017456386,0,0.342581581,0,71.57118387,26.61880707,0,0,0,0,46.53965785,45.37075827,0,0,2.093979116,0,0.038880249,0,2.341019875,1.449971088,0.104985996,0.342581581,0.070301457,0,0.001305332,0
{38DA65BF-1EFD-4939-82AB-62E88C77A024},22457719,2.6955,1164.0816,100,100,0,0,0.434056761,0,0,0,42.83806344,0,0,2.470784641,1.302170284,0,0.000386571,0,0.09571494,0.013375351,14.81316258,0,80.07760796,4.041056916,0,0.194290503,0.032394636,0.011210554,0.5985,233.4798,100,100,0,0,0.751879699,0,0,0,53.53383459,0,0,1.654135338,5.864661654,0,0,0,0.136071729,0.018502671,19.33143681,0,74.10820979,5.590505046,0,0.200831078,0.103306582,0.042401955,52.95492487,38.19548872,0,0,2.470784641,1.654135338,1.302170284,5.864661654,0.720799985,0.46873434,14.82653793,19.34993948,0.194290503,0.200831078,0.043605191,0.145708537
{130AFE10-6B06-4AD8-BA68-6D8FF4A6B0CF},20758520,30.2661,2058.0507,100,100,0,0,0.12786583,0,0,0,97.99875108,0,0,0,0.020815368,0,0.000262384,0,0.285124171,0.008352564,0.492626348,0,85.87835081,12.99160414,0.002055343,0.013818902,0.035946636,0.011588636,2.1987,196.1271,100,100,0,0,0,0,0,0,98.48546869,0,0,0,0.286532951,0,0,0,0.353801183,0.016978786,0.965496354,0,80.07241223,17.81533506,0.01881433,0.055984104,0.265695052,0.070668459,1.852567724,1.227998363,0,0,0,0,0.020815368,0.286532951,0.280270063,0.364814449,0.500978912,0.98247514,0.015874244,0.074798434,0.047535272,0.336363511
{E6CAFCC3-4129-4346-8F30-601CE8F27F3B},15895252,16.056,130.5117,100,100,0,0,0,0,0,0,98.50336323,0,0,0,0,0,0.019998207,0,0.044823568,0,28.91189066,0.377207561,69.75236703,0.00827512,0,0,0.004827153,0,0.7659,18.8883,100,100,0,0,0,0,0,0,100,0,0,0,0,0,0.066707962,0,0,0,26.14475628,0.366893791,72.13513127,0,0,0,0.033353981,0,1.496636771,0,0,0,0,0,0,0,0.880610704,1.253156716,29.28909822,26.51165007,0,0,0.004827153,0.033353981
{F8F18945-C66F-4FCF-AAB3-B2D5846A783D},20585806,1.8504,205.6212,100,100,0.048638132,0,0,0,34.58171206,0,53.0155642,4.036964981,0,0,0,0,0.036766637,0,0.003501584,0.544934083,66.21189838,0,17.48997671,14.38757288,0,0,0,0.251676384,0.3411,35.6958,100,100,0,0,0,0,0.263852243,0,74.6701847,15.03957784,0,0,0,0,0.070596541,0,0.02017044,0.650496697,60.87438858,0,21.93535374,12.87630478,0,0,0,1.197619888,8.317120623,10.02638522,34.58171206,0.263852243,0,0,0,0,1.073673337,2.375069336,66.75683247,61.52488528,0,0,0.251676384,1.197619888
{07736B78-24E8-4333-9EF5-26F4DE559B6C},20573275,2.0214,2045.502,100,100,0,0,0,0,29.56366874,0,55.12021371,13.44612645,0,0,0,0,0.13234893,0,0.09354183,0.010515756,51.44294652,0.010427758,43.83055113,4.120900395,0,0.002375945,0.032207253,0.011307738,0.4824,283.5801,100,100,0,0,0,0,36.38059701,0,44.21641791,19.40298507,0,0,0,0,0.115205545,0,0.079342662,0.027293876,32.95576805,0.001269483,58.75895382,7.687034457,0,0.000317371,0.072360508,0.040623443,1.869991095,0,29.56366874,36.38059701,0,0,0,0,0.312876741,0.261830784,51.46389004,32.98433141,0.002375945,0.000317371,0.04351499,0.112983951
{66A99E83-59FC-47A8-8251-E09C32A482AE},17846406,2.5497,1069.6644,100,100,0,0,0,0,11.96611366,0,80.3388634,0.88245676,0.600070597,0,1.270737734,0,0.004711758,0,0.00689936,3.723635189,67.9305958,0.207064945,10.27550323,16.03722626,0.300290446,0.013882859,0.901628586,0.195033134,0.4212,154.8396,100,100,0,0,0,0,5.341880342,0,74.57264957,1.923076923,0.854700855,0,6.837606838,0,0,0,0.00348748,1.716421381,59.50861408,0.040106019,13.86622027,18.01283393,1.215386762,0.036037293,3.864127781,0.578340425,4.941757854,10.47008547,11.96611366,5.341880342,0.600070597,0.854700855,1.270737734,6.837606838,0.403528434,1.158424589,71.86129594,61.26514148,0.314173305,1.251424054,1.096661719,4.442468206
{A673B832-F1F2-4F4D-8028-654EF39E1D05},17865910,13.9014,13.9014,100,100,0,0,0.576200958,0,24.95144374,0,34.22245241,5.982131296,0.084164185,0,0.16832837,0,0,0,0.576200958,0,24.95144374,0,34.22245241,5.982131296,0.084164185,0,0.16832837,0,1.908,1.908,100,100,0,0,1.037735849,0,49.05660377,0,36.41509434,4.716981132,0,0,0,0,0,0,1.037735849,0,49.05660377,0,36.41509434,4.716981132,0,0,0,0,34.01527904,8.773584906,24.95144374,49.05660377,0.084164185,0,0.16832837,0,34.01527904,8.773584906,24.95144374,49.05660377,0.084164185,0,0.16832837,0
{4CC21818-81BA-42D2-B873-FA822B1F1CD7},17865910,13.9014,13.9014,100,100,0,0,0.576200958,0,24.95144374,0,34.22245241,5.982131296,0.084164185,0,0.16832837,0,0,0,0.576200958,0,24.95144374,0,34.22245241,5.982131296,0.084164185,0,0.16832837,0,1.908,1.908,100,100,0,0,1.037735849,0,49.05660377,0,36.41509434,4.716981132,0,0,0,0,0,0,1.037735849,0,49.05660377,0,36.41509434,4.716981132,0,0,0,0,34.01527904,8.773584906,24.95144374,49.05660377,0.084164185,0,0.16832837,0,34.01527904,8.773584906,24.95144374,49.05660377,0.084164185,0,0.16832837,0
{CAEAEA08-DB66-4CF7-BF02-1729A79BFDBD},17835126,13.4037,117.9657,100,100,0,0,0.470019472,0,0.940038944,0,36.36607802,10.83059155,0.188007789,0,0,0,0.318143325,0,0.30669932,0.158690196,69.40102081,0.032806146,13.16976036,3.163885774,0.116728846,0,0.003814668,0,1.1331,14.7789,100,100,0,0,0,0,0,0,33.51866561,26.6878475,0,0,0,0,0.060897631,0,0.091346447,0.45064247,61.95724986,0.060897631,15.18786919,3.148407527,0.170513367,0,0.030448816,0,51.20526422,39.79348689,0.940038944,0,0.188007789,0,0,0,13.32845056,18.84172706,69.59251715,62.46878996,0.116728846,0.170513367,0.003814668,0.030448816
{1F6A9A85-767E-4B71-BD41-5E495ADF8CB7},17835132,30.5361,30.5361,100,100,0,0,0,0,36.28164697,0,26.0131451,9.074832739,0.035367974,0,0,0,0,0,0,0,36.28164697,0,26.0131451,9.074832739,0.035367974,0,0,0,2.8035,2.8035,100,100,0,0,0,0,21.34831461,0,37.6565008,18.78009631,0.064205457,0,0,0,0,0,0,0,21.34831461,0,37.6565008,18.78009631,0.064205457,0,0,0,28.59500722,22.15088283,36.28164697,21.34831461,0.035367974,0.064205457,0,0,28.59500722,22.15088283,36.28164697,21.34831461,0.035367974,0.064205457,0,0
{28E46F31-8F9B-49B4-8914-8EA077B498D6},17836636,5.1795,147.9177,100,100,0,0,0,0,0,0,20.52128584,73.69244136,0,0,1.58123371,0.208514335,0,0,0,0.32247662,54.23630843,0.337687782,22.13163131,20.5715746,0.017036501,0,0.283536047,0.007301357,0.8937,21.1374,100,100,0,0,0,0,0,0,41.49043303,42.90030211,0,0,8.86203424,1.208459215,0,0,0,0.302307758,48.27556842,0.085157115,21.67248574,25.46197735,0.097930682,0,1.762752278,0.051094269,3.996524761,5.5387714,0,0,0,0,1.789748045,10.07049345,2.092447354,2.29072639,54.89647284,48.6630333,0.017036501,0.097930682,0.290837405,1.813846547
{6D1C2361-5252-4E77-982B-99F5C5EED589},17835628,22.0032,1176.6564,100,100,0,0,0,0,14.20157068,0,65.25278141,18.93815445,0,0,0.490837696,0,0.004359811,0,0.00367142,0.04704007,26.56471337,0.042450795,29.8569064,42.67536385,0.002141662,0,0.070445374,0.000917855,0.9729,166.941,100,100,0,0,0,0,1.85013876,0,57.26179463,28.9546716,0,0,10.17576318,0,0.001617338,0,0,0.038276996,24.69243625,0.010782252,31.05612162,43.12631409,0.01239959,0,0.397865114,0.006469351,1.116655759,1.757631822,14.20157068,1.85013876,0,0,0.490837696,10.17576318,0.73198939,0.657717397,26.65420423,24.7414955,0.002141662,0.01239959,0.071363229,0.404334465
{AA0C72D2-E75D-4F8C-9514-00C33CC5A0B1},17863212,8.3214,567.2619,100,100,0,0,0,0.216309756,67.85637032,0,29.38568029,0.151416829,0.378542072,0,2.011680727,0,0.278918785,0.02030808,0.847545023,9.185757055,58.71129367,1.533260034,2.28164451,25.31751207,0.789476607,0,0.872930123,0.152627913,0.7434,86.3199,100,100,0,0,0,0,38.37772397,0,36.07748184,0.726392252,3.026634383,0,21.79176755,0,0.011468966,0,0.194972422,11.52318295,47.74530554,1.350210091,3.337469112,28.54625643,2.291707938,0,4.442660383,0.53487087,0,0,68.07268008,38.37772397,0.378542072,3.026634383,2.011680727,21.79176755,0.008726128,0.021895299,69.43031076,60.61869859,0.789476607,2.291707938,1.025558036,4.977531253
{AD58B192-5A36-493C-8632-1EA74271890C},17863208,3.1419,570.4038,100,100,0,0,0,0,5.958178172,0,30.59295331,14.17931825,8.393010599,2.148381553,23.97593813,10.91377829,0.277382444,0.020196219,0.842876573,9.135160039,58.4207188,1.524814526,2.43758895,25.25616064,0.831358417,0.011833722,1.000186184,0.211902515,1.116,87.4359,100,100,0,0,0,0,1.451612903,0,29.35483871,7.5,5.887096774,0,44.91935484,8.225806452,0.01132258,0,0.192483865,11.37610524,47.1544297,1.3329765,3.669545347,28.27762967,2.337598172,0,4.959290177,0.633035172,3.838441707,2.661290323,5.958178172,1.451612903,10.54139215,5.887096774,34.88971641,53.14516129,0.029820979,0.055583576,69.08069336,59.86351144,0.843192139,2.337598172,1.212088699,5.592325349
{AA875EDA-6E31-446F-8B0D-99710ED81B58},17862548,0.1638,469.305,100,100,0,0,0,0,71.97802198,0,15.93406593,9.340659341,0,0,2.747252747,0,0.16952728,0.011698149,2.572058683,5.663822035,71.58672931,0.758078435,4.648576086,12.73027136,0.352095119,0.095694697,0.538690191,0.042765366,0.0639,61.8696,100,100,0,0,0,0,29.57746479,0,39.43661972,23.94366197,0,0,7.042253521,0,0.112009775,0,0.663330618,5.287734202,65.86320261,1.117188409,8.428371931,11.93849645,0.650238566,0.065460258,3.14791109,0.081461655,0,0,71.97802198,29.57746479,0,0,2.747252747,7.042253521,0.829993288,2.644594437,78.00862978,72.26812522,0.447789817,0.715698825,0.581455557,3.229372745
{FA505B88-F615-4FDC-AFF4-FD98E32EE106},17865290,2.4291,209.8035,100,100,0,0,0,0,79.06632086,0,15.63542053,0,0,0,1.889588737,0,0.002573837,0,0.008150484,5.757244279,86.76018274,3.117774489,1.272762371,2.451579692,0.009437402,0,0.238079918,0,0.3384,20.5623,100,100,0,0,0,0,60.90425532,0,6.64893617,0,0,0,13.29787234,0,0,0,0,4.398826979,84.22112312,0.569002495,2.64367313,3.540946295,0.052523307,0,2.293517749,0,3.408669878,19.14893617,79.06632086,60.90425532,0,0,1.889588737,13.29787234,0.382214787,2.280386922,95.63520151,89.1889526,0.009437402,0.052523307,0.238079918,2.293517749
{43856FCC-D0D5-4493-B240-FC10537F7CFA},2900007,1.5327,1.5327,100,100,0,0,0,0,67.05813271,0,24.66236054,6.752789196,0,0,1.115678215,0.411039342,0,0,0,0,67.05813271,0,24.66236054,6.752789196,0,0,1.115678215,0.411039342,0.3834,0.3834,100,100,0,0,0,0,44.60093897,0,38.49765258,11.50234742,0,0,3.755868545,1.643192488,0,0,0,0,44.60093897,0,38.49765258,11.50234742,0,0,3.755868545,1.643192488,0,0,67.05813271,44.60093897,0,0,1.526717557,5.399061033,0,0,67.05813271,44.60093897,0,0,1.526717557,5.399061033
{E8A7545C-1E88-4453-8A27-F0146D185BF5},2884886,7.0155,7.0155,100,100,0,0,0,2.617062219,84.13085311,0,7.286722258,4.554201411,0,0,1.411161001,0,0,0,0,2.617062219,84.13085311,0,7.286722258,4.554201411,0,0,1.411161001,0,1.197,1.197,100,100,0,0,0,0.827067669,73.90977444,0,14.36090226,5.338345865,0,0,5.563909774,0,0,0,0,0.827067669,73.90977444,0,14.36090226,5.338345865,0,0,5.563909774,0,0,0,86.74791533,74.73684211,0,0,1.411161001,5.563909774,0,0,86.74791533,74.73684211,0,0,1.411161001,5.563909774
{748A583E-3F17-41AB-9DA0-52CE5CAF38BF},2900057,1.9107,1.9107,100,100,0,0,0,0,54.26283561,0,33.30193123,11.02213848,0,0,1.413094677,0,0,0,0,0,54.26283561,0,33.30193123,11.02213848,0,0,1.413094677,0,0.72,0.72,100,100,0,0,0,0,44.375,0,39.875,12.375,0,0,3.375,0,0,0,0,0,44.375,0,39.875,12.375,0,0,3.375,0,0,0,54.26283561,44.375,0,0,1.413094677,3.375,0,0,54.26283561,44.375,0,0,1.413094677,3.375
{49FBD2CF-8701-4FAF-B1AE-E71EC2160C27},2899345,5.1867,56.3067,100,100,0,0,0,0.138816589,45.75741801,0,41.59292035,10.02949853,0,0,2.481346521,0,0.051148442,0,0,0.028770999,29.12903793,0,25.09150776,42.72173649,0.335661653,0,1.3586305,0.015983888,0.9405,10.5084,100,100,0,0,0,0,33.01435407,0,45.83732057,7.464114833,0,0,13.68421053,0,0,0,0,0,15.77595067,0,29.89037342,43.87632751,1.755738267,0,6.526207605,0.042822885,0,0,45.8962346,33.01435407,0,0,2.481346521,13.68421053,1.267522337,2.132579651,29.15780893,15.77595067,0.335661653,1.755738267,1.374614389,6.56903049
{88638AA0-E038-4AE0-95F5-7852CE06519C},18382377,11.3238,5246.0658,100,100,0,0,4.728977905,0.890160547,24.99602607,0,52.88507392,0,1.613415991,0.238435861,11.83436656,0,0.375658651,0,1.432107466,21.97713761,43.26439253,1.224077289,25.730516,3.937596437,0.95986215,0.464696802,0.319319289,0.002916471,1.4706,746.2854,100,100,0,0,1.46878825,0,2.937576499,0,40.51407589,0,0.611995104,0,52.57037944,0,0.011456743,0,0.755059659,23.57544446,42.4896829,1.011449507,25.0132054,2.537728864,2.010115701,0.290036493,1.63710827,0.002894335,2.813543157,1.897184823,25.88618662,2.937576499,1.851851852,0.611995104,11.83436656,52.57037944,0.311719308,0.665817662,66.46560743,67.07657687,1.424558952,2.300152194,0.32223576,1.640002605
{2E0151D4-B494-4E6D-9792-6B50648D5F4A},3380913,4.4127,58.2039,100,100,0,0,3.773200082,0,15.66387926,0,76.58576382,0.122374057,0,0,3.854782786,0,0.010824017,0,3.788405932,24.0447805,41.43279059,4.017256576,20.70789071,5.095019406,0.054120085,0,0.848912186,0,0.6471,8.4231,100,100,0,0,5.28511822,0,9.318497914,0,59.10987483,0,0,0,26.28650904,0,0,0,2.575061438,27.05417245,37.74975959,3.526017737,22.88706058,0.491505503,0,0,5.716422695,0,0,0,15.66387926,9.318497914,0,0,3.854782786,26.28650904,0,0,69.49482767,68.32994978,0.054120085,0,0.848912186,5.716422695
{ABBD376C-77DB-485F-B652-AAA489677F52},3272804,5.7087,8.1864,100,100,0,0,0,58.75768564,36.90682642,0.204950339,0.882862999,2.317515371,0.819801356,0,0.110357875,0,0,0,0.428759894,61.0817942,26.27528584,0.362796834,0.615655233,10.58707124,0.571679859,0,0.076956904,0,1.0773,1.3131,100,100,0,0,0,61.57059315,34.16875522,0,0,0.250626566,4.010025063,0,0,0,0,0,0,68.33447567,28.03289925,0,0,0.34270048,3.289924606,0,0,0,0,0,95.8694624,95.73934837,0.819801356,4.010025063,0.110357875,0,0,0,87.71987687,96.36737491,0.571679859,3.289924606,0.076956904,0
{96DD6C9A-2A33-45D9-B3DC-D829AAC6B199},3272756,21.0645,42.0534,100,100,0,0,0.021362957,0,3.909421064,0,63.04208502,0.491348003,3.084810938,24.25550096,0,0,0,0,0.010700681,0,10.55943158,0,61.65304113,0.314600009,2.245002782,20.25210803,0,0,1.7631,3.7269,100,100,0,0,0,0,6.125574273,0,77.23328229,0,0,14.75242471,0,0,0,0,0,0,4.395073654,0,71.52861628,0.193190051,1.25573533,19.8019802,0,0,5.195471053,1.888718734,3.909421064,6.125574273,27.3403119,14.75242471,0,0,4.965115781,2.825404492,10.55943158,4.395073654,22.49711082,21.05771553,0,0
{B889B004-BE42-4734-8CF6-0D49A905B5D7},17877869,9.5049,299.8395,100,100,0,0,0,0,1.846416059,0,83.61897548,11.74131238,0.066281602,0,2.537638481,0.132563204,0.05132746,0,0.004202248,5.953685222,23.64394951,0.477255332,9.633353844,58.58264171,0.060632438,0,1.149915205,0.441236061,1.2789,40.8096,100,100,0,0,0,0,13.72273047,0,60.52076003,5.418719212,0.492610837,0,18.85995778,0.985221675,0,0,0,3.301429076,20.40843331,0.112473536,11.92440014,58.0716302,0.200688073,0,3.969654199,2.011291461,0.056812802,0,1.846416059,13.72273047,0.066281602,0.492610837,2.670201685,19.84517945,0.001800964,0,30.07489007,23.82233592,0.060632438,0.200688073,1.591151266,5.98094566
{C5EC404D-BB29-4F4E-82C7-F1C25430F175},-9999,NA,NA,NA,NA,NA,NA,NA,NA,NA,NA,NA,NA,NA,NA,NA,NA,NA,NA,NA,NA,NA,NA,NA,NA,NA,NA,NA,NA,NA,NA,NA,NA,NA,NA,NA,NA,NA,NA,NA,NA,NA,NA,NA,NA,NA,NA,NA,NA,NA,NA,NA,NA,NA,NA,NA,NA,NA,NA,NA,NA,NA,NA,NA,NA,NA,NA,NA,NA,NA,NA,NA,NA
{EC530C06-8718-4A80-8C17-609F89207F23},3177228,11.448,49.6314,100,100,0,0,5.259433962,0,37.84591195,0,56.46226415,0,0.432389937,0,0,0,0,0,4.00935698,5.713923041,50.42795488,0,39.41899684,0.072534726,0.335473108,0,0,0.021760418,1.4193,8.0388,100,100,0,0,3.297400127,0,16.36017755,0,80.02536462,0,0.317057705,0,0,0,0,0,0.895656068,3.213166144,47.24585759,0,48.13031796,0,0.39184953,0,0,0.123152709,0,0,37.84591195,16.36017755,0.432389937,0.317057705,0,0,0,0,56.14187792,50.45902373,0.335473108,0.39184953,0.021760418,0.123152709
{BF8E6B54-8856-455A-B98C-BEC6C932C713},3253453,5.616,43.9515,100,100,0,0,0,2.227564103,60.3525641,0,36.76282051,0.657051282,0,0,0,0,0,0,0.030715675,10.51090406,73.28964882,0.733080782,12.02006757,3.010136173,0,0,0.405446913,0,0.7965,5.0418,100,100,0,0,0,5.310734463,63.95480226,0,30.16949153,0.564971751,0,0,0,0,0,0,0,19.18957515,60.65690825,0.481970725,13.01320957,3.76651196,0,0,2.891824348,0,0,0,62.58012821,69.26553672,0,0,0,0,0,0,84.53363366,80.32845412,0,0,0.405446913,2.891824348
{6F58BEED-582B-4DCE-9C1C-09524D914042},3253453,5.616,43.9515,100,100,0,0,0,2.227564103,60.3525641,0,36.76282051,0.657051282,0,0,0,0,0,0,0.030715675,10.51090406,73.28964882,0.733080782,12.02006757,3.010136173,0,0,0.405446913,0,0.7965,5.0418,100,100,0,0,0,5.310734463,63.95480226,0,30.16949153,0.564971751,0,0,0,0,0,0,0,19.18957515,60.65690825,0.481970725,13.01320957,3.76651196,0,0,2.891824348,0,0,0,62.58012821,69.26553672,0,0,0,0,0,0,84.53363366,80.32845412,0,0,0.405446913,2.891824348
{DA1B271F-E6F4-4C6A-BCE6-0714FB4F955C},3177516,6.1578,436.5603,100,100,0,0,0.146156095,0,2.294650687,0,95.96609179,0,0,0,0,0,0,0,1.553805969,12.16512358,41.00114005,0,43.47894208,0.766285895,0.402006321,0,0.011957111,0.054013157,0.6048,60.6906,100,100,0,0,0,0,0,0,91.07142857,0,0,0,0,0,0,0,0.570928612,8.993979298,30.11092327,0,56.73695762,0.244683691,0.72218762,0,0.086010025,0.167571255,1.593101432,8.928571429,2.294650687,0,0,0,0,0,0.566725834,2.366758608,53.16626363,39.10490257,0.402006321,0.72218762,0.065970268,0.253581279
{4B77E7B6-75DC-44E6-8D76-12DBC1AD9295},3231541,11.0457,60.2928,100,100,0,0,0.497025992,0,33.66739998,0,65.20003259,0.211847144,0.423694288,0,0,0,0,0,0.488117984,0.685156437,44.06944113,0,54.44381419,0.038810604,0.098519226,0,0.01343444,0,1.1889,10.5435,100,100,0,0,0,0,4.542013626,0,92.80847843,0,2.649507949,0,0,0,0,0,0.588988476,2.535211268,51.30174989,0,45.10456679,0,0.409731114,0,0.051216389,0,0,0,33.66739998,4.542013626,0.423694288,2.649507949,0,0,0.162705995,0.008536065,44.75459756,53.83696116,0.098519226,0.409731114,0.01343444,0.051216389
{BD0FC776-F618-41D7-9E7B-ECC757B2B8F1},3232461,9.2979,16.0227,100,100,0,0,1.209950634,0,0.009679605,0,93.83409157,0,0.106475656,0,0.154873681,0,0,0,1.027916643,0,0.005617031,0,95.57939673,0.039319216,0.061787339,0,0.089872493,0,1.2879,2.7585,100,100,0,0,3.494060098,0,0,0,85.18518519,0,0,0,1.118099231,0,0,0,1.827079935,0,0,0,90.66884176,0,0,0,0.522022838,0,4.684928855,10.20265549,0.009679605,0,0.106475656,0,0.154873681,1.118099231,3.196090547,6.982055465,0.005617031,0,0.061787339,0,0.089872493,0.522022838
{BEB5A382-7365-45AA-86B4-9DB393C1A2E6},3231869,5.0328,121.383,100,100,0,0,1.21602289,0.089413448,1.573676681,0,93.74105866,0,0,0.304005722,3.075822604,0,0.065248017,0,0.929042782,16.56484022,46.1392452,0.23652406,33.29205902,0.1801735,0.934232965,0.469340847,0.629495069,0,1.2825,23.7312,100,100,0,0,4.140350877,0.350877193,5.473684211,0,76.77192982,0,0,1.192982456,12.07017544,0,0,0,1.365291262,15.28367718,45.66899272,0.072057039,33.60133495,0.064472087,0.489229369,0.147906553,3.200849515,0,0,0,1.663090129,5.824561404,0.304005722,1.192982456,3.075822604,12.07017544,0.559798324,0.10618932,62.94060948,61.02472694,1.403573812,0.637135922,0.629495069,3.200849515
{CB632178-6F30-4354-A607-5D56B2127A42},10036228,12.5496,12.5496,100,100,0,0,0,1.986517499,2.81124498,0.709982788,64.35025818,28.34193919,0.014343087,0,0.04302926,0.258175559,0,0,0,1.986517499,2.81124498,0.709982788,64.35025818,28.34193919,0.014343087,0,0.04302926,0.258175559,1.7694,1.7694,100,100,0,0,0,1.271617497,0.712105799,0.813835198,64.64903357,29.55239064,0.1017294,0,0,1.322482197,0,0,0,1.271617497,0.712105799,0.813835198,64.64903357,29.55239064,0.1017294,0,0,1.322482197,1.484509466,1.576805697,5.507745267,2.797558494,0.014343087,0.1017294,0.301204819,1.322482197,1.484509466,1.576805697,5.507745267,2.797558494,0.014343087,0.1017294,0.301204819,1.322482197
{EB1ECD0B-A9CA-4AA9-B6A7-4A3A51E98199},10036238,5.4576,19.5129,100,100,0,0,0,0,0,0,84.74604222,15.17150396,0,0,0.082453826,0,0,0,0,0.092246668,0.631889673,0.032286334,59.35611826,38.01023938,0.092246668,0,0.193718002,0.784096675,0.9729,2.3274,100,100,0,0,0,0,0,0,89.36170213,10.17576318,0,0,0.46253469,0,0,0,0,0,0.812064965,0,65.77726218,27.10750193,0,0,1.044083527,5.259087394,0,0,0,0,0,0,0.082453826,0.46253469,0.807158341,0,0.756422674,0.812064965,0.092246668,0,0.977814676,6.30317092
{3E93C6E1-881E-4C01-BACE-13BF8AA6467A},3388931,11.5074,11.5074,100,100,0,0,0,0.359768497,0.195526357,0.49272642,80.71328015,17.12028781,0.140778977,0,0.086031597,0.891600188,0,0,0,0.359768497,0.195526357,0.49272642,80.71328015,17.12028781,0.140778977,0,0.086031597,0.891600188,1.6218,1.6218,100,100,0,0,0,1.054384018,0.610432852,0.721420644,64.87236404,29.57824639,0,0,0,3.163152053,0,0,0,1.054384018,0.610432852,0.721420644,64.87236404,29.57824639,0,0,0,3.163152053,0,0,1.048021273,2.386237514,0.140778977,0,0.977631785,3.163152053,0,0,1.048021273,2.386237514,0.140778977,0,0.977631785,3.163152053
{28A4A76E-A208-494C-9AC4-48C256203AE4},10035282,4.5423,84.9852,100,100,0,0,0,0.118882504,3.843867644,0,61.18486229,31.91995245,0,0,0.614226273,0,0,0,0,0.816495107,2.136018977,0.144025077,72.94552463,20.00571864,0.066717499,0,0.391832931,1.18714788,0.5688,8.5104,100,100,0,0,0,0.949367089,0.474683544,0,48.57594937,45.88607595,0,0,4.113924051,0,0,0,0,2.813028765,3.066835871,0.317258883,57.24407783,24.69331641,0.465313029,0,1.586294416,7.25465313,2.318208837,0,3.962750149,1.424050633,0,0,0.614226273,4.113924051,2.306519253,2.559221658,3.096539162,6.197123519,0.066717499,0.465313029,1.578980811,8.840947547
{3BDF9321-722E-4B15-9080-C965C5F24848},7885908,3.0384,162.648,100,100,10.66350711,0,0,0,0,0,43.72037915,0.829383886,42.62440758,0,0,0.622037915,0.289397964,0,0,14.71558212,8.321713147,4.307768924,52.03795927,1.045816733,11.74247455,0,0.392872953,6.595285525,0.6777,30.4119,100,100,0,0,0,0,0,0,47.94156707,3.718459495,45.28552457,0,0,2.656042497,0.050309254,0,0,13.56278299,5.397887011,2.000532686,49.11366932,2.491787754,14.72581457,0,0.804948063,11.45571306,1.54028436,0.398406375,0,0,42.62440758,45.28552457,0.622037915,2.656042497,0.551128818,0.396555296,27.34506419,20.96120269,11.74247455,14.72581457,6.988158477,12.26066112
{A485A5B9-2436-4C06-8139-91E11900229D},-9999,NA,NA,NA,NA,NA,NA,NA,NA,NA,NA,NA,NA,NA,NA,NA,NA,NA,NA,NA,NA,NA,NA,NA,NA,NA,NA,NA,NA,NA,NA,NA,NA,NA,NA,NA,NA,NA,NA,NA,NA,NA,NA,NA,NA,NA,NA,NA,NA,NA,NA,NA,NA,NA,NA,NA,NA,NA,NA,NA,NA,NA,NA,NA,NA,NA,NA,NA,NA,NA,NA,NA,NA
{6C4C6810-7B60-46D4-B81A-96534F8475EA},1312431,0.2898,3.8061,100,100,0,0,0,1.242236025,48.75776398,0,48.13664596,0.310559006,0,0,1.552795031,0,0,0,0,0.472925041,80.06620951,0,13.85670371,4.611019153,0,0,0.827618822,0.165523764,0.1431,1.3563,100,100,0,0,0,2.51572327,44.02515723,0,50.31446541,0,0,0,3.144654088,0,0,0,0,0.597213006,76.97412077,0,20.57067021,1.128069011,0,0,0.729927007,0,0,0,50,46.5408805,0,0,1.552795031,3.144654088,0,0,80.53913455,77.57133378,0,0,0.993142587,0.729927007
{B06A532B-FD7D-4335-BBB9-3945B0EE78EE},1327359,4.3209,4.3209,100,100,0,0,0,67.63174339,19.45428036,1.978754426,4.894813581,5.811289315,0,0,0.229118934,0,0,0,0,67.63174339,19.45428036,1.978754426,4.894813581,5.811289315,0,0,0.229118934,0,0.99,0.99,100,100,0,0,0,77.72727273,11.18181818,3.272727273,6,0.818181818,0,0,1,0,0,0,0,77.72727273,11.18181818,3.272727273,6,0.818181818,0,0,1,0,0,0,89.06477817,92.18181818,0,0,0.229118934,1,0,0,89.06477817,92.18181818,0,0,0.229118934,1
{3B971CC1-E11F-4F2F-8A52-46B8A367FB3A},1327377,31.968,31.968,100,100,0,0,0.464527027,10.48423423,74.83108108,1.509009009,0.920608108,11.19650901,0,0,0.563063063,0.030968468,0,0,0.464527027,10.48423423,74.83108108,1.509009009,0.920608108,11.19650901,0,0,0.563063063,0.030968468,3.5082,3.5082,100,100,0,0,0.205233453,19.00974859,56.25962032,4.643406875,4.822986147,10.59517701,0,0,4.463827604,0,0,0,0.205233453,19.00974859,56.25962032,4.643406875,4.822986147,10.59517701,0,0,4.463827604,0,0,0,86.82432432,79.91277578,0,0,0.594031532,4.463827604,0,0,86.82432432,79.91277578,0,0,0.594031532,4.463827604
{4194FC14-5A5D-4A6D-BF15-EE32ED00D43C},23123209,6.9633,847.9971,100,100,3.321700918,0,0,0.529921158,31.11024945,0.077549438,33.24285899,4.381543234,0,0,6.371978803,19.16763603,0.19889219,0.047228935,0.877290736,0.543822614,52.22575643,0.418480205,32.12628911,10.00393751,0.222347458,0.001698119,1.615441845,1.510370731,0.9054,118.4706,100,100,1.689860835,0,0,0,0,0,21.57057654,14.51292247,0,0,19.68190855,40.55666004,0.028867922,0.034945379,0.189160855,0.566722883,50.35781029,0.208152909,32.62227084,5.494021301,0.296276038,0,6.034914992,4.010362065,1.796561975,1.988071571,31.71772005,0,0,0,25.53961484,60.23856859,0.208444109,0.156494523,53.18805925,51.13268608,0.224045578,0.296276038,3.125812576,10.04527706
{645520CB-1975-4757-BA6E-0094C71DB7B8},3387877,11.5749,2514.4677,100,100,0,0,0,0,0.01555089,0,92.31008475,1.928310396,0,0,0.147733458,0,0.060919454,0,0.618715444,0.005941615,0.05136276,0.00025055,94.4997822,3.58286567,0.038441536,0.022907433,0.104121441,0.079961258,1.4364,368.4177,100,100,0,0,0,0,0,0,97.68170426,2.318295739,0,0,0,0,0.01539014,0,0.621468513,0.030291704,0.089165097,0,92.00005863,5.207241672,0.119212513,0.056674801,0.441184015,0.367409058,5.598320504,0,0.01555089,0,0,0,0.147733458,0,0.934730639,1.051903858,0.057554925,0.119456801,0.061348969,0.175887315,0.184082699,0.808593072
{AEB37E53-6D67-499B-A44C-3D8B3D12FAC7},24432491,2.5092,190.6281,100,100,0,0,0,0,0.035868006,0,26.79340029,11.40602582,1.901004304,0,17.14490674,41.10473458,0,0,0.0925362,1.632602958,48.95401045,0.187905141,38.40960488,5.991718954,0.025022544,0,1.936650473,2.748702841,0.9369,27.5274,100,100,0,0,0,0,0.096061479,0,14.8895293,14.21709894,4.41882805,0,30.16330451,34.10182517,0,0,0,1.039691362,42.13365592,0.11116197,36.33361669,3.730464919,0.150395606,0,8.70332832,7.725756882,1.614060258,2.113352546,0.035868006,0.096061479,1.901004304,4.41882805,58.24964132,64.26512968,0.021245556,0.071928333,50.77451855,43.28450925,0.025022544,0.150395606,4.685353314,16.4290852
{0A373DEB-B4D1-4FAB-8B02-DD28649DFBB0},24433535,8.0262,22.1553,100,100,0,0,0,0,32.19331689,0.29154519,65.17156313,0.650370038,0,0,0.381251402,1.311953353,0.044684568,0,0,0.296543039,55.99382541,0.129991469,41.34134947,0.467156843,0,0,0.735264248,0.991184953,1.0575,3.2661,100,100,0,0,0,0,17.27659574,0,70.80851064,1.361702128,0,0,0.595744681,9.957446809,0,0,0,1.10223202,33.72829981,0,55.387159,0.55111601,0,0,3.472030862,5.759162304,0,0,32.48486208,17.27659574,0,0,1.693204754,10.55319149,0,0,56.42035991,34.83053183,0,0,1.726449202,9.231193166
{8C3DC96A-7E5D-43D0-B6B8-5BAD47DBA097},18302302,20.5155,995.5944,100,100,0,0,1.930247861,0.491335819,0,0,82.54003071,6.988374644,4.878262777,0.149155517,0.197411713,0.960737004,0,0,0.366926532,0.015910094,0.15105549,0.000723186,91.32104399,7.29134274,0.133066237,0.003073541,0.108568309,0.307082884,2.8107,145.2357,100,100,0,0,0.704450849,0,0,0,93.11559398,4.642971502,0.128081972,0,0.480307397,0.256163945,0,0,0.412088763,0.022308565,0.030984118,0.004957459,89.30056453,8.000718832,0.096050764,0,0.534166186,1.408537983,1.864443957,0.672430355,0.491335819,0,5.027418293,0.128081972,1.158148717,0.736471342,0.301206998,0.189622799,0.16768877,0.058250141,0.136139777,0.096050764,0.415651193,1.94270417
{91C3D3D4-6344-4771-B8CB-FD442D460E75},5380886,12.9501,12.9501,100,100,0,0,0,2.098825492,79.35923275,0,5.337410522,10.70262006,0,0,0.076447286,0.145944819,0,0,0,2.098825492,79.35923275,0,5.337410522,10.70262006,0,0,0.076447286,0.145944819,1.6038,1.6038,100,100,0,0,0,4.601571268,50.11223345,0,21.21212121,19.64085297,0,0,0.617283951,1.178451178,0,0,0,4.601571268,50.11223345,0,21.21212121,19.64085297,0,0,0.617283951,1.178451178,2.279519077,2.637485971,81.45805824,54.71380471,0,0,0.222392105,1.795735129,2.279519077,2.637485971,81.45805824,54.71380471,0,0,0.222392105,1.795735129
{D1A681FD-B544-45DE-BC8C-96D861ADD202},15984957,4.9437,62.4924,100,100,0,0,0,6.845075551,65.21026761,0,16.11141453,2.87638813,0,0,5.752776261,0.236664846,0.587591451,0,1.748372602,5.952243793,73.10616971,0.270752924,2.64416153,13.07246961,0,0,1.981680972,0.40180886,1.1259,10.6794,100,100,0,0,0,14.46842526,43.72501998,0,17.42605915,0.71942446,0,0,18.30535572,0.079936051,0,0,0,11.86583516,65.86886904,0.842743974,3.354121018,11.05680094,0,0,5.309287039,1.146131805,2.967413071,5.275779376,72.05534316,58.19344524,0,0,5.989441107,18.38529177,0.234748545,0.556211023,79.32916643,78.57744817,0,0,2.383489832,6.455418844
{D26C6B61-C75F-4D91-9300-1F991022985C},15968457,1.0512,163.0341,100,100,0,0,0.856164384,9.674657534,16.35273973,0.171232877,61.30136986,1.198630137,1.626712329,0,8.818493151,0,0.194315177,0,0.326802798,5.090284793,71.51902577,0.23626959,6.009969693,14.09226659,0.068451937,0,1.677624497,0.784989153,0.1557,19.9899,100,100,0,0,0,17.91907514,33.52601156,0.578034682,0.578034682,0,0,0,47.39884393,0,0.036018189,0,0.202602314,10.56233398,68.02485255,0.477241007,2.944486966,9.360226915,0.117059115,0,6.082571699,2.192607267,0,0,26.19863014,52.02312139,1.626712329,0,8.818493151,47.39884393,0,0,76.84558016,79.06442754,0.068451937,0.117059115,2.46261365,8.275178965
{F98FA446-9B93-43A4-9BDF-48869944A1DB},15970265,11.826,11.826,100,100,0,0,0,5.426179604,78.21917808,0.213089802,1.742770167,13.69863014,0,0,0.327245053,0.372907154,0,0,0,5.426179604,78.21917808,0.213089802,1.742770167,13.69863014,0,0,0.327245053,0.372907154,1.0431,1.0431,100,100,0,0,0,14.40897325,80.24158758,0,0,1.898188093,0,0,1.553062985,1.898188093,0,0,0,14.40897325,80.24158758,0,0,1.898188093,0,0,1.553062985,1.898188093,0,0,83.85844749,94.65056083,0,0,0.700152207,3.451251079,0,0,83.85844749,94.65056083,0,0,0.700152207,3.451251079
{49BF5BE1-B322-46A8-AEF0-46BD71AB9225},15966769,9.1512,64.755,100,100,0,0,0,0,0,0,86.67387884,11.95908733,0,0,0.029504327,1.337529504,0,0,0,0,0.115357887,0,93.72063933,5.815149409,0,0,0.145934677,0.202918694,0.2844,6.7113,100,100,0,0,0,0,0,0,68.67088608,30.37974684,0,0,0.949367089,0,0,0,0,0,0.482767869,0,87.40780475,10.56725225,0,0,1.408072952,0.134102186,0,0,0,0,0,0,1.367033832,0.949367089,0,0,0.115357887,0.482767869,0,0,0.34885337,1.542175137
{7677F32A-5B00-4979-85BF-12EDFDF58F6C},22108899,4.2435,169.5276,100,100,0,0,0,2.545068929,28.2290562,0,64.02969247,4.87804878,0,0,0,0.318133616,0,0,0,1.114331826,59.84158332,0.004247096,36.81542121,0.761291967,0,0,0.88127243,0.581852159,0.5472,22.6557,100,100,0,0,0,2.960526316,27.96052632,0,67.26973684,0,0,0,0,1.809210526,0,0,0,3.094585469,55.28939737,0.027807572,32.61430898,0.154927899,0,0,5.708497199,3.110475509,0,0,30.77412513,30.92105263,0,0,0.318133616,1.809210526,0,0,60.96016224,58.41179041,0,0,1.463124589,8.818972709
{9E6A1F6C-0D94-4577-BBF9-E7E0D7C35AB9},3177106,10.1511,257.7996,100,100,0,0,3.599609894,0,4.805390549,0,89.69766823,0,0,0,0,0,0,0,1.723897167,16.37073913,45.67768918,0,33.66975744,1.119241457,0.623158453,0,0.011869685,0.043987656,0.9441,36.1206,100,100,0,0,0,0,0.476644423,0,87.98856053,0,0,0,0,0,0,0,0.645338117,13.01390342,33.22868391,0,47.78492052,0.411122739,1.121243833,0,0.084716201,0.22674042,1.897331324,11.53479504,4.805390549,0.476644423,0,0,0,0,0.759659829,3.483330842,62.04842831,46.24258733,0.623158453,1.121243833,0.05585734,0.31145662
{A8D73FFA-AE56-49FB-9EE7-ED8180B3B084},3179024,1.4049,5.3766,100,100,0,0,0,0,73.2222934,0,26.7777066,0,0,0,0,0,0,0,0,0,68.71442919,0,31.28557081,0,0,0,0,0,0.27,1.4805,100,100,0,0,0,0,66.66666667,0,33.33333333,0,0,0,0,0,0,0,0,0,51.4893617,0,48.5106383,0,0,0,0,0,0,0,73.2222934,66.66666667,0,0,0,0,0,0,68.71442919,51.4893617,0,0,0,0
{C07FE7FD-F1DB-422C-98FB-8648BE6493CA},15998922,3.6918,3.6918,100,100,0,19.06387128,7.874207704,0,62.11604096,0,0,8.751828376,0,0,0.731350561,0,0,19.06387128,7.874207704,0,62.11604096,0,0,8.751828376,0,0,0.731350561,0,0.4113,0.4113,100,100,0,0,14.44201313,0,59.51859956,0,0,12.91028446,0,0,4.595185996,0,0,0,14.44201313,0,59.51859956,0,0,12.91028446,0,0,4.595185996,0,1.462701121,8.533916849,62.11604096,59.51859956,0,0,0.731350561,4.595185996,1.462701121,8.533916849,62.11604096,59.51859956,0,0,0.731350561,4.595185996
{C2C849C7-214D-45E5-A228-F81FBB08543A},2899255,0.3123,89.4222,100,100,0,0,0,1.44092219,6.628242075,0,33.42939481,39.19308357,0,0,17.29106628,0,0.00704523,0,0.053342459,1.342619618,67.29503412,0.021135691,13.79053524,14.65709857,0.086555688,0,2.19911834,0.092594456,0.1683,14.7528,100,100,0,0,0,2.673796791,6.951871658,0,40.64171123,13.90374332,0,0,32.0855615,0,0,0,0,1.939970717,58.88238165,0.036603221,16.89238653,11.68252806,0.109809663,0,9.602244998,0.298926306,2.017291066,3.743315508,8.069164265,9.625668449,0,0,17.29106628,32.0855615,0.45492059,0.555148853,68.65878943,60.85895559,0.086555688,0.109809663,2.291712796,9.901171303
{4F0009A8-27B8-4504-B56F-BB17F11388B4},2899391,0.2673,14.3235,100,100,0,0,0,0,73.73737374,0,10.43771044,0,0,0,8.080808081,0,0,0,0,0.339302545,88.51398052,0.031416902,9.330819981,1.187558907,0.081683946,0,0.370719447,0,0.1251,2.9511,100,100,0,0,0,0,52.51798561,0,18.70503597,0,0,0,17.26618705,0,0,0,0,0,89.93595608,0.152485514,7.746264105,0.396462336,0,0,1.280878317,0,7.744107744,11.51079137,73.73737374,52.51798561,0,0,8.080808081,17.26618705,0.144517751,0.487953644,88.88469997,90.0884416,0.081683946,0,0.370719447,1.280878317
{C96A2D4D-8554-47C3-A2F1-5EE22BCF0BBC},2899465,3.2247,3.2247,100,100,0,0,0,0,94.75300028,0,4.716717834,0.055819146,0,0,0.167457438,0,0,0,0,0,94.75300028,0,4.716717834,0.055819146,0,0,0.167457438,0,0.7074,0.7074,100,100,0,0,0,0,88.29516539,0,9.541984733,0,0,0,0.763358779,0,0,0,0,0,88.29516539,0,9.541984733,0,0,0,0.763358779,0,0.307005303,1.399491094,94.75300028,88.29516539,0,0,0.167457438,0.763358779,0.307005303,1.399491094,94.75300028,88.29516539,0,0,0.167457438,0.763358779
{7F116A39-EE93-4A8A-9EAC-A21431D8E35C},11338977,1.1988,83.601,100,100,0,0,0,0,6.531531532,0,93.46846847,0,0,0,0,0,0,0,8.62094951,2.52772096,58.35612014,0.118419636,18.43147809,11.84734632,0,0,0.097965335,0,0.4752,12.8169,100,100,0,0,0,0,14.01515152,0,85.98484848,0,0,0,0,0,0,0,1.987219999,5.793132505,56.71652272,0.042131873,30.04002528,4.817077452,0,0,0.603890176,0,0,0,6.531531532,14.01515152,0,0,0,0,0,0,61.00226074,62.55178709,0,0,0.097965335,0.603890176
{FEDD663B-6EEB-44C0-B4B7-EEDA6CA8D8D7},10782696,0.3348,116.9109,100,100,0,0,0,0,0,0,8.870967742,6.182795699,40.32258065,11.82795699,22.58064516,0,0,0,0,0,0.844489265,0,71.35664852,25.69880139,0.115472552,0.033871949,0.204771326,0.013856706,0.2637,24.8643,100,100,0,0,0,0,0,0,6.484641638,7.167235495,49.48805461,4.09556314,21.50170648,0,0,0,0,0,0.611720418,0,70.32613023,23.78108372,0.52484888,0.043435769,0.825279618,0,10.21505376,11.26279863,0,0,52.15053763,53.58361775,22.58064516,21.50170648,1.732088283,3.887501357,0.844489265,0.611720418,0.149344501,0.568284649,0.218628032,0.825279618
{E4649AE8-81F2-491B-8775-F01ACC07A2E3},10783380,8.0739,476.7318,100,100,0,0,0.15605841,0,0,0,91.17155278,4.113253818,0.300969792,0,0.947497492,0,0,0,0.002642995,0.013214977,0.388709123,0.001321498,82.15770377,16.84985143,0.18519847,0,0.247686435,0.010571982,2.0412,111.0888,100,100,0,0,0,0,0,0,81.26102293,11.72839506,0.617283951,0,3.747795414,0,0,0,0,0,0.499060211,0,78.98438006,18.65966686,0.669194374,0,1.041059045,0.04536911,3.310667707,2.645502646,0,0,0.300969792,0.617283951,0.947497492,3.747795414,0.143099328,0.101270335,0.403245598,0.499060211,0.18519847,0.669194374,0.258258417,1.086428155
{EE1B3227-CE70-4D32-97AE-E1B87388CCE1},10782370,0.963,874.5318,100,100,0,0,0,0,0,0,80.46728972,10.09345794,0,0,1.308411215,0,0,0,0.613459682,1.326744208,3.340015766,0,88.00434701,4.448791914,0.359266524,0,1.612943063,0.043120216,0.2943,240.3378,100,100,0,0,0,0,0,0,67.58409786,1.529051988,0,0,4.281345566,0,0,0,0.434388598,1.105069615,3.139206567,0,84.00663566,4.800742954,1.005459815,0,4.946787397,0.137806038,8.130841121,26.60550459,0,0,0,0,1.308411215,4.281345566,0.251311616,0.423903356,4.666759974,4.244276181,0.359266524,1.005459815,1.656063279,5.084593435
{D9B33486-3745-4513-9101-5475A775DD9B},8932212,5.1696,500.499,100,100,0.069637883,0,0,0,0.208913649,0,78.30779944,2.245821727,1.758356546,6.267409471,0,0.104456825,3.700706695,0,0.576145007,0.02319685,16.02776429,0.005574437,47.69362177,5.702648757,1.565517613,0.206433979,0.028771286,1.479383575,0.6228,71.2503,100,100,0.578034682,0,0,0,1.156069364,0,37.42774566,0,6.069364162,23.12138728,0,0,0.065683934,0,0.066947087,0.051789256,17.06898076,0.012631526,49.47137065,5.287556684,1.849255372,0.276630414,0.055578713,2.343148029,11.03760446,31.64739884,0.208913649,1.156069364,8.025766017,29.19075145,0.104456825,0,22.99023574,23.45042758,16.05653558,17.13340154,1.771951592,2.125885786,1.508154861,2.398726742
{5B3B4CA7-B962-4FC3-A59D-86BEB3EBD155},11432263,1.6542,2212.8957,100,100,0.489662677,0,0.326441785,0,0,0,85.1468988,5.440696409,0,0,0,0,0.275869306,0,1.474841313,0.10106667,23.13873627,0.003660362,58.88205215,5.060491554,3.454283905,0.579598035,0.011591147,1.895620295,0.3681,374.9085,100,100,0,0,0,0,0,0,83.12958435,2.93398533,0,0,0,0,0.048491832,0,0.511084705,0.119309111,25.57247969,0.004080996,56.34726873,5.137493548,3.8188518,0.411940513,0.044410836,3.21102349,8.596300326,13.93643032,0,0,0,0,0,0,5.122188994,4.77356475,23.2434633,25.69586979,4.03388194,4.230792313,1.907211442,3.255434326
{FD4E312A-9AFE-4DFC-844D-3308FD8A5C5D},8935822,6.6447,243.5877,100,100,0.731409996,0,0,0,0.081267777,0,45.30678586,27.06216985,1.53054314,0,0,9.833401056,7.369953409,0,0.808045726,0.043598261,21.82831892,0.01145378,49.38685328,7.607896458,2.452586892,0.239420956,0.008497966,2.405293863,0.8037,33.2334,100,100,0,0,0,0,0,0,48.26427772,2.239641657,9.294512878,0,0,3.247480403,0.121865352,0,0.043329903,0.108324758,24.25120511,0.027081189,52.15024644,6.848832801,2.927476575,0.159779017,0,4.129881384,15.45442232,36.95408735,0.081267777,0,1.53054314,9.294512878,9.833401056,3.247480403,7.838080494,9.231977468,21.88337096,24.38661106,2.692007848,3.087255592,2.413791829,4.129881384
{17CD3DCE-3CE9-4C74-A866-7AE152ACE663},14991679,1.899,1.899,100,100,0,0,0,0,75.07109005,0,22.08530806,0.805687204,0,0,0,0,0,0,0,0,75.07109005,0,22.08530806,0.805687204,0,0,0,0,0.3555,0.3555,100,100,0,0,0,0,81.26582278,0,10.63291139,1.518987342,0,0,0,0,0,0,0,0,81.26582278,0,10.63291139,1.518987342,0,0,0,0,2.037914692,6.582278481,75.07109005,81.26582278,0,0,0,0,2.037914692,6.582278481,75.07109005,81.26582278,0,0,0,0
{166BF7D4-9B48-4C85-841A-ADF5DA2FC029},8935766,0.6561,30.4326,100,100,0,0,0,0,0,0,84.22496571,8.916323731,0,0,0,0,0,0,0.085763293,0.02365884,48.44738866,0,49.84326019,1.401786242,0,0,0,0.050275034,0.1602,3.7269,100,100,0,0,0,0,0,0,83.14606742,4.494382022,0,0,0,0,0,0,0,0,33.37358126,0,63.87346052,2.221685583,0,0,0,0,6.858710562,12.35955056,0,0,0,0,0,0,0.147867747,0.531272639,48.4710475,33.37358126,0,0,0.050275034,0
{FADB518F-8CC5-4F87-820A-C238D1B723D5},11432929,73.5327,73.5327,100,100,0,0,0.006119726,0,0.998739336,0,46.26757891,8.399936355,0.389214594,0.080780388,0,0.09057195,0,0,0.006119726,0,0.998739336,0,46.26757891,8.399936355,0.389214594,0.080780388,0,0.09057195,4.7898,4.7898,100,100,0,0,0.093949643,0,1.822623074,0,65.16347238,12.6832018,0,0,0,0,0,0,0.093949643,0,1.822623074,0,65.16347238,12.6832018,0,0,0,0,43.76705874,20.2367531,0.998739336,1.822623074,0.469994982,0,0.09057195,0,43.76705874,20.2367531,0.998739336,1.822623074,0.469994982,0,0.09057195,0
{748B9C3A-CC15-4CB7-A0ED-4E0F1AA5B142},12086771,6.4557,240.2676,100,100,0,0,4.530879688,0,0,0,93.97741531,0.223058692,0,0,0,0,0,0,0.568615993,0.058809427,15.76729447,0.137471719,81.78068953,1.194543084,0,0,0,0,1.1178,35.6292,100,100,0,0,5.39452496,0,0,0,94.52495974,0.080515298,0,0,0,0,0,0,0.636556532,0.035364252,16.08315651,0.058098414,80.65070223,2.220369809,0,0,0,0,1.268646313,0,0,0,0,0,0,0,0.492575778,0.315752248,15.96357561,16.17661918,0,0,0,0
{E7723A40-D609-4386-9731-CD2DC21FD69A},12085849,19.5021,50.8878,100,100,0,0,0,0.018459551,47.43642992,0.535326965,47.94868245,4.061101112,0,0,0,0,0,0,0.037140533,0.923207527,66.41257826,2.992465778,26.42814191,3.20646599,0,0,0,0,2.4831,7.38,100,100,0,0,0,0,45.74121058,0.253715114,48.64081189,5.364262414,0,0,0,0,0,0,0.207317073,0.56097561,69.65853659,0.987804878,25.91463415,2.670731707,0,0,0,0,0,0,47.99021644,45.9949257,0,0,0,0,0,0,70.32825157,71.20731707,0,0,0,0
{AF9CBBEB-DA8B-4613-982A-8C87B5C89F96},14971731,1.3581,10.5111,100,100,0,0,0,0,16.03711067,0,83.0351226,0.927766733,0,0,0,0,0,0,0,0,34.8659988,0.171247538,63.78970802,1.173045637,0,0,0,0,0.36,2.0277,100,100,0,0,0,0,9.75,0,90.25,0,0,0,0,0,0,0,0,0,30.71460275,0,68.84154461,0.443852641,0,0,0,0,0,0,16.03711067,9.75,0,0,0,0,0,0,35.03724634,30.71460275,0,0,0,0
{F238494B-0251-4BFF-BE45-9C58A388CBF1},17116249,1.2555,11.8566,100,100,0,0,0,0,83.5125448,0.215053763,16.27240143,0,0,0,0,0,0,0,0.159404888,0,83.01199332,0.470623956,13.68604828,0.037953545,0,0,0,0,0.3033,2.2554,100,100,0,0,0,0,73.59050445,0,26.40949555,0,0,0,0,0,0,0,0,0,85.75418994,0,13.28810854,0,0,0,0,0,0,0,83.72759857,73.59050445,0,0,0,0,2.633976013,0.957701516,83.48261728,85.75418994,0,0,0,0
{89A5B7C0-9616-4364-95A6-DE801FC8E4BD},22057161,1.8,1001.3967,100,100,2.9,0,0,1.4,48.7,0,12.15,34.85,0,0,0,0,1.326816835,0,7.548826554,0.132385098,65.66795157,0.075584431,20.96519791,3.994381048,0,0,0,0.275375383,0.3933,143.1081,100,100,0,0,0,2.059496568,48.74141876,0,27.23112128,21.96796339,0,0,0,0,0.026413599,0,4.233722619,0.081756379,68.27538064,0.030186971,21.01201819,5.157569697,0,0,0,1.128238024,0,0,50.1,50.80091533,0,0,0,0,0.013481171,0.054713884,65.8759211,68.38732399,0,0,0.275375383,1.128238024
{6162F393-6BBD-4A6A-A3E3-F1D022C10485},8921935,1.3185,10.6101,100,100,0,0,0,0,11.60409556,0,63.8225256,12.49146758,1.638225256,1.023890785,0,0.341296928,0.381711765,0,0.381711765,0,41.9204343,0,47.81576045,2.17151582,0.203579608,0.127237255,0,0.042412418,0.4014,2.5047,100,100,0,0,0,0,20.62780269,0,60.98654709,11.43497758,1.793721973,0.67264574,0,0.448430493,0,0,0,0,48.93999281,0,37.90873158,2.048149479,0.287459576,0.107797341,0,0.071864894,9.078498294,4.035874439,11.60409556,20.62780269,2.662116041,2.466367713,0.341296928,0.448430493,6.95563661,10.63600431,41.9204343,48.93999281,0.330816863,0.395256917,0.042412418,0.071864894
{52403A9A-54BC-45F5-B23D-D29658219B59},8919959,8.3475,17.3007,100,100,0,0,0,0,13.80053908,0,66.67385445,11.21293801,2.156334232,0.366576819,0,0,0,0,0.889559382,0.072829423,24.99609842,0,61.73854237,8.292150029,1.04042033,0.176871456,0,0,1.3464,2.889,100,100,0,0,0,0,12.29946524,0,56.95187166,8.155080214,5.147058824,1.537433155,0,0,0,0,0.249221184,0,21.40186916,0,59.84423676,7.975077882,2.398753894,0.716510903,0,0,5.789757412,15.90909091,13.80053908,12.29946524,2.522911051,6.684491979,0,0,2.793528586,7.414330218,25.06892785,21.40186916,1.217291786,3.115264798,0,0
{FAB5EE74-1DBB-4AE1-97F6-6AE088766AAD},17056582,1.3995,55.9314,100,100,0,0,0,4.694533762,47.97427653,8.360128617,33.89067524,2.572347267,0,0,0,0,0,0,0,0.152865832,76.71772922,0.733755994,20.4614939,1.403147427,0,0,0,0.14803849,0.3771,13.7439,100,100,0,0,0,2.14797136,85.20286396,4.057279236,8.591885442,0,0,0,0,0,0,0,0,0.091677035,84.9453212,0.956060507,12.65797918,0.798899876,0,0,0,0.072031956,2.508038585,0,61.02893891,91.40811456,0,0,0,0,0.382969137,0.478030253,77.60435104,85.99305874,0,0,0.14803849,0.072031956
{CAC9CA19-997C-411D-8982-3F6F5B5A5D9B},17078425,0.6606,41.6691,100,100,0,0,0,1.771117166,36.64850136,0.136239782,44.41416894,0,0,0,0,0,0,0,0,2.099397395,46.07442925,5.492559235,38.07209659,5.673988639,0,0,0,0,0.1764,8.1738,100,100,0,0,0,5.102040816,28.57142857,0,46.93877551,0,0,0,0,0,0,0,0,2.796740806,52.58753579,5.780665052,31.072451,5.670557146,0,0,0,0,17.02997275,19.3877551,38.55585831,33.67346939,0,0,0,0,2.587528888,2.092050209,53.66638588,61.16494164,0,0,0,0
{2FEF0481-C3A9-47DC-90C1-EF2A19E2212B},346973,0.4302,13.2093,100,100,0,0,0,0,60.041841,0,21.33891213,0,0,0,0,0,0,0,0.626831096,0,81.7128841,0,17.05389385,0,0,0,0,0,0.1845,3.2823,100,100,0,0,0,0,71.2195122,0,8.292682927,0,0,0,0,0,0,0,0,0,89.82725528,0,9.021113244,0,0,0,0,0,18.61924686,20.48780488,60.041841,71.2195122,0,0,0,0,0.606390952,1.151631478,81.7128841,89.82725528,0,0,0,0
{B6224C76-FD28-40E6-AA68-78F21457286B},8234840,3.0501,3.0501,100,100,0,0,0,0.118028917,38.15284745,5.429330186,50.48686928,1.681912068,0,0,0,0,0,0,0,0.118028917,38.15284745,5.429330186,50.48686928,1.681912068,0,0,0,0,1.0368,1.0368,100,100,0,0,0,0,46.09375,5.729166667,45.48611111,0,0,0,0,0,0,0,0,0,46.09375,5.729166667,45.48611111,0,0,0,0,0,4.131012098,2.690972222,43.70020655,51.82291667,0,0,0,0,4.131012098,2.690972222,43.70020655,51.82291667,0,0,0,0
{12CFE0F7-37CC-442B-9980-A3D7A92E2935},8236278,1.8261,1.8261,100,100,0,0,0,0.985707245,62.49383933,2.069985214,31.44406111,0,0,0,0,0,0,0,0,0.985707245,62.49383933,2.069985214,31.44406111,0,0,0,0,0,0.4122,0.4122,100,100,0,0,0,1.310043668,66.15720524,2.401746725,28.38427948,0,0,0,0,0,0,0,0,1.310043668,66.15720524,2.401746725,28.38427948,0,0,0,0,0,3.006407097,1.746724891,65.54953179,69.86899563,0,0,0,0,3.006407097,1.746724891,65.54953179,69.86899563,0,0,0,0
{93875B9D-4BE9-4E08-835D-295202FFAD39},8287676,2.8521,45.963,100,100,1.546229094,0,0,5.585358157,13.78983907,7.66803408,20.00631114,21.0476491,0,0,1.767118965,0.252445566,0.182102996,0,0,4.5506168,37.58566673,9.424319561,21.34717055,15.52574897,1.607597415,0.567848052,0.652046211,0.035245741,0.1863,7.182,100,100,0,0,0,33.33333333,3.381642512,18.35748792,23.1884058,2.898550725,0,0,11.11111111,0,0,0,0,8.80952381,24.87468672,12.05513784,24.58646617,17.36842105,0.476190476,0.350877193,3.070175439,0,28.33701483,7.729468599,27.0432313,55.07246377,0,0,2.019564531,11.11111111,8.521636969,8.408521303,51.56060309,45.73934837,2.175445467,0.827067669,0.687291952,3.070175439
{B562BACC-AA9B-418E-BB0D-5E11A8A2B534},22226720,3.9654,1746.2691,100,100,7.784838856,0,0.930549251,2.178847027,15.13844757,3.427144803,2.110758057,4.698138901,23.21833863,18.2932365,2.70086246,7.716749887,0.153326884,0,0.200896872,1.438901942,71.35750727,6.61758832,15.90357981,0.806576718,0.078029211,0.071844597,0.058856908,0.034427684,0.5958,290.1438,100,100,7.703927492,0,6.193353474,0,0,0.755287009,7.552870091,6.193353474,14.19939577,2.114803625,15.10574018,31.41993958,0.392081444,0,0.728018314,2.588544025,69.47565311,10.46336334,11.13709823,0.806806832,0.038153495,0.005273247,0.227370014,0.129349654,11.80208806,8.761329305,20.7444394,0.755287009,41.51157512,16.3141994,10.41761235,46.52567976,3.278463783,4.008288304,79.41399753,82.52756047,0.149873808,0.043426742,0.093284592,0.356719668
{1B1CB449-1FA2-498A-8CB0-2FBB4DF6B658},8284770,0.7074,90.5355,100,100,2.03562341,0,0,0,74.93638677,2.671755725,5.72519084,7.888040712,0,0,0,0.508905852,0.032804811,0,0.157065461,0.923505144,87.04806402,2.853024504,3.475321835,1.396689696,0,0,0.005964511,0.006958596,0.2502,16.6581,100,100,0,0,0,0,68.70503597,3.956834532,6.115107914,3.597122302,0,0,0,1.438848921,0,0,0.69155546,1.599222,84.11043276,4.127721649,3.88999946,0.907666541,0,0,0.032416662,0.037819439,6.234096692,16.18705036,77.60814249,72.6618705,0,0,0.508905852,1.438848921,4.100601422,4.603166027,90.82459367,89.83737641,0,0,0.012923108,0.070236101
{16894BF5-B3D9-4D40-BA70-037CD685382B},22226690,3.9789,7.2918,100,100,0,0,0,1.945261253,20.13119204,13.48111287,4.682198598,6.469124632,19.06808414,21.89549876,0.746437458,1.651210133,0,0,0,4.480375216,38.99037275,17.16860035,4.036040484,3.887928906,10.70106147,11.94766724,0.407306838,0.901012096,0.5652,1.7406,100,100,0,0,0,0,0.636942675,0.955414013,2.866242038,10.98726115,53.82165605,8.757961783,3.025477707,1.27388535,0,0,0,4.395036194,38.15925543,18.20062048,2.430196484,4.80868666,18.14891417,2.843846949,0.982419855,0.413650465,9.929880118,17.67515924,35.55756616,1.592356688,40.9635829,62.57961783,2.397647591,4.299363057,7.479634658,9.61737332,60.63934831,60.7549121,22.64872871,20.99276112,1.308318934,1.396070321
{F1B3DEF9-16D2-4397-8939-8A43FF1C0F28},17604479,9.8622,280.1745,100,100,0,0,0.100383282,0,0.164263552,0.200766563,0.684431466,0,0.273772586,77.52327067,0.319401351,0,0.121424327,0,0.230641975,0.00192737,17.67205795,0.355278585,16.66789804,22.50301152,0.61772217,20.15033488,0.594272498,0.352066302,1.9197,59.7915,100,100,0,0,0.468823254,0,0,0,0,0,0,75.66807314,0,0,0.362760593,0,0.030104614,0,23.44998871,0.528335967,12.32031309,24.44193573,0.848950102,18.02513735,2.480620155,1.199668849,20.73371053,23.86310361,0.365030115,0,77.79704326,75.66807314,0.319401351,0,20.73336439,16.31218484,18.02926391,23.97832468,20.76805705,18.87408745,0.9463388,3.680289004
{90190FDB-89E1-4C3A-A5AD-08513D7CE265},8200523,0.5085,10462.2444,100,100,0,0,0,0,0,0,0,0,0,52.74336283,0,0,0.478205231,0,2.435078844,0.007208778,4.695925475,9.190142796,30.23783119,37.68744114,1.538222525,7.19514352,0.648962091,0.452776653,0.0729,2130.714,100,100,0,0,0,0,0,0,0,0,0,0,0,0,0.430757014,0,2.765537749,0.005533356,5.501296748,8.406857983,29.15914102,36.80923859,1.930845717,4.116183589,2.287514889,1.367245909,47.25663717,100,0,0,52.74336283,0,0,0,5.433061763,7.219847431,13.89327705,13.91368809,8.733366045,6.047029306,1.101738744,3.654760798
{18F1B7F2-30B8-4442-8996-A6C3CCD5376B},20405177,2.9781,2262.9069,100,100,1.783016017,0,0,0,0,0,92.32396494,5.893019039,0,0,0,0,0.008391861,0,0.11720765,0.000238631,11.80337114,0,80.1365845,6.419097489,0.070555267,0,0.123332515,0.061129338,0.8676,406.8144,100,100,0,0,0,0,0,0,95.33195021,4.668049793,0,0,0,0,0.002876004,0,0.088049981,0.000663693,9.839032247,0,81.73449612,6.545122297,0.154640544,0,0.405074157,0.192249832,0,0,0,0,0,0,0,0,1.26009161,1.037795122,11.80360977,9.83969594,0.070555267,0.154640544,0.184461853,0.597323989
{BDD49962-D648-4DE4-8759-6CF9F27E9666},20403949,3.1761,2047.0824,100,100,0,0,0,0,0,0,96.71294984,0,0.651742703,0,0.935109096,0,0.005143906,0,0.128597657,0.00026379,13.04780404,0,78.95100363,6.311309208,0.077422384,0,0.131367453,0.067574222,0.3969,368.3637,100,100,0,0,0,0,0,0,95.46485261,0,0,0,3.174603175,0,0.003176209,0,0.094553291,0.000732971,10.86605439,0,80.66544016,6.484352286,0.1707823,0,0.440760042,0.212317337,1.700198356,1.360544218,0,0,0.651742703,0,0.935109096,3.174603175,1.279513712,1.061831011,13.04806783,10.86678736,0.077422384,0.1707823,0.198941674,0.65307738
{DC37829E-DEA9-485A-873D-D2BD7C2665C5},20403863,1.0611,1818.1476,100,100,0,0,0,0,0,0,67.26039016,0,2.120441052,0,0.763358779,0,0.005791609,0,0.143354698,0.000297006,14.69073798,0,76.67347799,7.082444792,0.073261379,0,0.060193133,0.076082932,0.0909,334.1007,100,100,0,0,0,0,0,0,57.42574257,0,0.99009901,0,8.910891089,0,0.003501938,0,0.101286828,0.00080814,11.98039992,0,79.25397941,7.139913206,0.158934118,0,0.184794584,0.234091099,29.85581001,32.67326733,0,0,2.120441052,0.99009901,0.763358779,8.910891089,1.194358478,0.942290752,14.69103499,11.98120806,0.073261379,0.158934118,0.136276065,0.418885683
{1B77F8A2-DC2C-45F9-876B-7480FBE34141},20402993,10.2771,10.2771,100,100,0.06130134,0,0,0,97.25019704,0,2.670986952,0.017514669,0,0,0,0,0.06130134,0,0,0,97.25019704,0,2.670986952,0.017514669,0,0,0,0,1.2753,1.2753,100,100,0,0,0,0,98.09456598,0,1.764290755,0.14114326,0,0,0,0,0,0,0,0,98.09456598,0,1.764290755,0.14114326,0,0,0,0,0,0,97.25019704,98.09456598,0,0,0,0,0,0,97.25019704,98.09456598,0,0,0,0
{C87CAE26-0F0E-406B-92FE-5F945C710045},22549073,0.7893,574.2036,100,100,0,0,0,0,0,0,42.07525656,7.069555302,0,0,0.798175599,0.342075257,3.808126595,0,0.812534091,0.002821299,0.04012514,0.201879612,39.90946765,21.74422104,1.62930013,0.973504868,0.257208419,0.04545426,0.1584,123.4926,100,100,0,0,0,0,0,0,39.20454545,8.522727273,0,0,3.977272727,1.704545455,0.221551737,0,1.260075502,0.004372732,0.142842567,0.443103473,35.20413369,21.76235661,2.114215751,0.751381054,1.099742009,0.169078957,49.71493729,46.59090909,0,0,0,0,1.140250855,5.681818182,30.57535689,36.82714592,0.244826051,0.590318772,2.602804998,2.865596805,0.302662679,1.268820966
{207E5E65-55CC-4D29-AF31-955D243AD442},22534666,3.6666,1764.6471,100,100,0,0,0,0,0,0,23.6377025,22.99950908,0,0,0.343642612,0,0.323707783,0,0.724326127,0.000255008,7.87930346,1.023094079,34.88781411,20.98056886,3.045668451,6.85799444,0.086039866,0.316618547,0.5436,276.9201,100,100,0,0,0,0,0,0,4.304635762,5.794701987,0,0,2.317880795,0,0.165751782,0,1.06601146,0.001625017,7.878734696,1.209012997,38.36633744,23.9628326,2.640653387,4.197095119,0.388379175,0.969160418,53.0191458,87.58278146,0,0,0,0,0.343642612,2.317880795,23.87460926,19.15440591,8.902652547,9.089372711,9.903662891,6.837748506,0.402658413,1.357539594
{D0C6954C-3204-4200-B456-87BB05B3B95A},20415812,20.3841,191.2941,100,100,0,0,0,0,0,0,93.03280498,0,0,0,0.357631684,0,0,0,0.021642068,0,3.426974486,0.020230629,95.44716748,0.002352399,0.165608871,0,0.139262005,0.072453881,2.1015,34.389,100,100,0,0,0,0,0,0,84.92505353,0,0,0,2.526766595,0,0,0,0.015702696,0,4.15598011,0,94.33656111,0,0,0,0.635959173,0.088981942,6.609563336,12.54817987,0,0,0,0,0.357631684,2.526766595,0.704308183,0.76681497,3.447205115,4.15598011,0.165608871,0,0.211715887,0.724941115
{2B860B35-9215-4995-A95A-312A8A4D6162},22070042,37.7586,829.494,100,100,0,0,3.000905754,0,0,0,2.519426038,0.378986509,0,0,1.053534824,0.038137007,0.00878849,0,2.957381247,0.005967493,1.343011523,0.079530413,72.62906061,0.641017295,0,0,0.060759933,0.001735998,2.7927,140.5404,100,100,0,0,2.578150177,0,0,0,1.74025137,0,0,0,0.773445053,0,0,0,3.037987653,0.02433464,0.886933579,0.202361741,70.19070673,0.590435206,0,0,0.076205845,0,93.00900987,94.9081534,0,0,0,0,1.091671831,0.773445053,22.272747,24.99103461,1.428509429,1.11362996,0,0,0.062495931,0.076205845
{098ED077-83E0-4E84-9779-A3D2835436F8},22069824,0.3222,118.575,100,100,0,0,56.1452514,0,0,0,4.748603352,0,0,0,0,0,0,0,3.033017078,0,0.692979127,0.007590133,89.59240987,0.221631879,0,0,0,0,0.2034,21.8718,100,100,0,0,58.40707965,0,0,0,5.309734513,0,0,0,0,0,0,0,5.415192165,0,0.345650564,0.020574438,82.30598305,0.238663484,0,0,0,0,39.10614525,36.28318584,0,0,0,0,0,0,6.452371917,11.6739363,0.70056926,0.366225002,0,0,0,0
{AA7C0D16-05B2-4644-B18A-477AD8A0C2DD},20667088,7.6887,865.917,100,100,0,0,0.362870186,0,0.491630575,0,94.8027625,0,0,0,1.580241133,0,0.00051968,0,0.265868438,0,14.25909181,0,78.64082816,6.283974099,0,0,0.032531986,0.003118082,0.7155,153.8037,100,100,0,0,0,0,0,0,93.08176101,0,0,0,6.79245283,0,0.002925807,0,0.165600698,0,10.18941677,0,79.11792759,9.535791402,0,0,0.118787779,0.016384521,2.76249561,0.125786164,0.491630575,0,0,0,1.580241133,6.79245283,0.514067746,0.853165431,14.25909181,10.18941677,0,0,0.035650068,0.135172301
{DB09B47E-2160-42E9-AAC9-02ADA2C24654},22070076,2.5164,5.7681,100,100,0,0,0.035765379,0,1.537911302,0,87.66094421,10.40772532,0,0,0.357653791,0,0,0,1.685130286,0,5.741925417,0,87.23669839,4.618505227,0,0,0.717740677,0,0.5544,1.0467,100,100,0,0,0,0,0,0,83.44155844,14.93506494,0,0,1.623376623,0,0,0,0,0,3.611349957,0,84.09286328,8.34049871,0,0,3.955288048,0,0,0,1.537911302,0,0,0,0.357653791,1.623376623,0,0,5.741925417,3.611349957,0,0,0.717740677,3.955288048
{643F5396-780D-4B62-804D-25C02EB17B2D},22069988,1.9566,9.0099,100,100,0,0,0.2299908,0.2299908,6.34774609,0,84.86660534,7.267709292,0,0,1.057957682,0,0,0,3.136549795,0.04994506,14.55399061,0.04994506,79.72230546,1.57826391,0,0,0.9090001,0,0.5427,1.6191,100,100,0,0,0,0.829187396,9.12106136,0,78.10945274,8.126036484,0,0,3.814262023,0,0,0,0.500277932,0.277932185,17.50972763,0.222345748,75.04168983,2.723735409,0,0,3.724291273,0,0,0,6.577736891,9.950248756,0,0,1.057957682,3.814262023,0,0,14.65388073,18.01000556,0,0,0.9090001,3.724291273
{0FCA084D-D648-439B-A395-545D6CEB66E5},22069988,1.9566,9.0099,100,100,0,0,0.2299908,0.2299908,6.34774609,0,84.86660534,7.267709292,0,0,1.057957682,0,0,0,3.136549795,0.04994506,14.55399061,0.04994506,79.72230546,1.57826391,0,0,0.9090001,0,0.5427,1.6191,100,100,0,0,0,0.829187396,9.12106136,0,78.10945274,8.126036484,0,0,3.814262023,0,0,0,0.500277932,0.277932185,17.50972763,0.222345748,75.04168983,2.723735409,0,0,3.724291273,0,0,0,6.577736891,9.950248756,0,0,1.057957682,3.814262023,0,0,14.65388073,18.01000556,0,0,0.9090001,3.724291273
{CB8E893F-DB9F-485C-9078-8D628674E89D},22069986,2.3301,2.3301,100,100,0,0,0,0,1.081498648,0,92.89300888,6.025492468,0,0,0,0,0,0,0,0,1.081498648,0,92.89300888,6.025492468,0,0,0,0,0.7047,0.7047,100,100,0,0,0,0,0.638569604,0,96.67943806,2.681992337,0,0,0,0,0,0,0,0,0.638569604,0,96.67943806,2.681992337,0,0,0,0,0,0,1.081498648,0.638569604,0,0,0,0,0,0,1.081498648,0.638569604,0,0,0,0
{0E999336-86B6-4F9B-B719-FB68A2B1237C},22070076,2.5164,5.7681,100,100,0,0,0.035765379,0,1.537911302,0,87.66094421,10.40772532,0,0,0.357653791,0,0,0,1.685130286,0,5.741925417,0,87.23669839,4.618505227,0,0,0.717740677,0,0.5544,1.0467,100,100,0,0,0,0,0,0,83.44155844,14.93506494,0,0,1.623376623,0,0,0,0,0,3.611349957,0,84.09286328,8.34049871,0,0,3.955288048,0,0,0,1.537911302,0,0,0,0.357653791,1.623376623,0,0,5.741925417,3.611349957,0,0,0.717740677,3.955288048
{F092D24A-EB77-461A-BD52-FD733D22004F},22070074,3.2517,3.2517,100,100,0,0,2.961527816,0,8.995294769,0,86.90838638,0.13838915,0,0,0.996401882,0,0,0,2.961527816,0,8.995294769,0,86.90838638,0.13838915,0,0,0.996401882,0,0.4923,0.4923,100,100,0,0,0,0,7.678244973,0,84.82632541,0.914076782,0,0,6.581352834,0,0,0,0,0,7.678244973,0,84.82632541,0.914076782,0,0,6.581352834,0,0,0,8.995294769,7.678244973,0,0,0.996401882,6.581352834,0,0,8.995294769,7.678244973,0,0,0.996401882,6.581352834
{535F78A0-E097-465B-9DC2-4C7CDCFA9925},20413810,0.7515,1516.0968,100,100,0,0,0,0,0,0,94.37125749,5.628742515,0,0,0,0,0.011397689,0,0.037814208,0,26.37431198,0,69.03960222,0.575642663,0.085482668,0,0.107862506,0.118547839,0.2385,274.4766,100,100,0,0,0,0,0,0,98.49056604,1.509433962,0,0,0,0,0.003278968,0,0.022296983,0,23.26165509,0,71.14442543,0.512502705,0.1436188,0,0.554145599,0.275761212,0,0,0,0,0,0,0,0,3.649338222,4.082315214,26.37431198,23.26165509,0.085482668,0.1436188,0.226410345,0.829906812
