globalid,tmean,tmax,tmin,ppt,ppt.m01,ppt.m02,ppt.m03,ppt.m04,ppt.m05,ppt.m06,ppt.m07,ppt.m08,ppt.m09,ppt.m10,ppt.m11,ppt.m12
{195DB4CB-28BD-4BB1-A672-F77B608BCCF0},14.60999966,21.09000015,8.119999886,466.0599976,102.2900009,93.94999695,78.44000244,34.09999847,12.80000019,2.720000029,0.330000013,0.469999999,3.690000057,20.64999962,46.40999985,70.20999908
{154E678D-3747-49B3-9174-729254332606},14.56999969,20.86000061,8.279999733,223.6600037,44.61999893,52.18999863,35.93999863,6.550000191,1.549999952,1.600000024,4.019999981,10.55000019,7.110000134,9.869999886,13.85999966,35.79999924
{C61EAE53-4AD7-4BEC-92E8-EDBD03091AD9},23.12999916,31,15.26000023,104.6900024,25.15999985,22.95000076,12.60999966,1.340000033,0.639999986,0.25999999,3.710000038,5.170000076,6.099999905,4.53000021,6.760000229,15.46000004
{68744FBF-49B6-4345-AD4B-196B11DB5F03},23.14999962,31.05999947,15.22999954,94.16999817,21.12999916,22.20999908,12.81000042,1.320000052,0.730000019,0.349999994,2.640000105,5.840000153,4.949999809,3.970000029,6.050000191,12.17000008
{94C24C07-5D79-4B5C-A38D-526D0FF60B1A},22.62000084,30.71999931,14.52000046,97.98999786,18.93000031,25.07999992,13.46000004,1.659999967,1.090000033,0.340000004,3,5.809999943,5.090000153,5.099999905,6.730000019,11.69999981
{C62A141A-7EC7-49D6-AF97-002CE99C6DBA},20.10000038,27.71999931,12.47000027,112.8700027,15.44999981,18.62000084,12.51000023,5.019999981,3.440000057,1.129999995,9.140000343,9.050000191,6.840000153,8.649999619,10.17000008,12.85000038
{C9500F1D-2A9C-4A67-9BD5-FC33B7B90BF9},20.01000023,27.82999992,12.18999958,298.4899902,34.93999863,37.90999985,35.13000107,12.47999954,5.420000076,2.549999952,29.80999947,45.25,23.87999916,21,20.38999939,29.72999954
{7192F109-8617-4231-871C-DAD86552E24B},20.69000053,28.17000008,13.19999981,122.0800018,15.97999954,20.03000069,16.57999992,2.880000114,2.789999962,1.00999999,10.07999992,10,7.28000021,12.28999996,9.640000343,13.52000046
{F71F10BB-4019-4382-A0DA-08C66DC3167C},15.68000031,24.12000084,7.230000019,290.3999939,27.60000038,40.22999954,33.72999954,15.72999954,6.400000095,2.440000057,24.34000015,46.56999969,32.43000031,22.12999916,18.96999931,19.82999992
{D8E6CC6B-7EE4-41EC-B53A-436FDC0ECADB},16.34000015,24.76000023,7.920000076,239.3800049,26.39999962,33.75999832,28.47999954,12.80000019,5.449999809,2.609999895,18.34000015,34.68999863,23.98999977,19.25,16.59000015,17.02000046
{06A7512C-EC2C-4C45-BDCA-E19DBEB59AB0},10.64999962,18.94000053,2.359999895,607.2299805,68.04000092,72.69000244,71.93000031,35.88000107,15.22999954,8.119999886,53.79999924,76.08000183,54.36999893,41.91999817,44.15999985,65.01000214
{E189DBDB-47EA-44A7-B41D-426B1B1738E2},16.92000008,25.15999985,8.670000076,430.7000122,47.61000061,53.40000153,46.27999878,17.84000015,8.369999886,5.099999905,44.52000046,62.45999908,44.09000015,26.46999931,29.62000084,44.93999863
{1EA475D3-3DE8-4D02-BABB-807C24F4DC57},19.28000069,27.15999985,11.39000034,424.0499878,49.27999878,51.18000031,46.31000137,16.51000023,7.559999943,3.720000029,42.88999939,57.93000031,41.40999985,30.12000084,30.93000031,46.20999908
{8DDA4AE4-81E4-4E55-B9D6-A7EC9495A960},20.35000038,27.69000053,13,346.9299927,40.81999969,46.65999985,40.29999924,16.79000092,6.309999943,1.5,30.23999977,47.79000092,26.57999992,27.97999954,22.76000023,39.20000076
{A80CD7EC-27C9-4EB3-AC7E-2DC537105A18},21.17000008,29.93000031,12.40999985,236.0599976,22.68000031,27,22.12000084,7.929999828,3.539999962,0.959999979,34.86999893,45.95999908,24.29000092,12.47999954,14.56000042,19.67000008
{F5A4BC1D-0264-47A9-BF2A-E838FFC093A0},21.75,30.42000008,13.06999969,205.7599945,25.70999908,29.59000015,21.43000031,6.5,2.640000105,1.610000014,18.37999916,30.43000031,19.19000053,16.39999962,16.13999939,17.73999977
{9076BD8E-DCDC-45DE-8457-1211F00126D1},18.94000053,26.55999947,11.31000042,269.9899902,60.88999939,59.93000031,41.77000046,12.75,3.170000076,0.370000005,3.799999952,6.789999962,7.300000191,11.55000019,18.15999985,43.50999832
{D03B5D74-2808-4E12-8915-956250367862},17.78000069,26.60000038,8.960000038,412.9599915,79.94000244,97.51999664,74.88999939,29.23999977,8.659999847,2.579999924,4.019999981,5.400000095,7.889999866,16.86000061,33.45999908,52.5
{C4B26978-8955-4CB6-8D75-80412FBE9D97},16.5,25.78000069,7.210000038,424.0700073,83.86000061,92.52999878,71.73000336,27.85000038,9.010000229,1.620000005,7.400000095,12.38000011,10.81000042,17.53000069,30.02000046,59.33000183
{7852F5B8-CC32-4CF1-8CD5-7571BCE472F8},18.22999954,24.90999985,11.55000019,365.2000122,68.81999969,89.98999786,67.41999817,24.51000023,6.559999943,2.569999933,1,0.920000017,4.920000076,15.93000031,28.52000046,54.04000092
{A5C2D30D-6800-49D8-AA65-686E826F6D9E},21.27000046,29.79000092,12.75,293.8599854,23.03000069,27.21999931,23.62999916,8.949999809,3.5,4.210000038,50.40999985,58.34000015,25.22999954,23.69000053,17.01000023,28.63999939
{D8F05F1B-69EB-4422-B537-BA81DAA58ABE},11.92000008,21.20999908,2.619999886,638.75,69.86000061,68.81999969,70.06999969,28.43000031,16.13999939,9.550000191,74.54000092,103.1900024,57.79999924,39.09000015,43.13000107,58.13000107
{F4CD4AA2-04E4-4796-9EF8-F7CC6187F021},20.90999985,28.95000076,12.86999989,298.1600037,26.73999977,25.80999947,22.12000084,9.210000038,4.820000172,4.75,49.81999969,57.75,28.11000061,23.20000076,17.43000031,28.39999962
{E2366335-49BD-4F8C-8D76-29268EAA8633},21.04000092,29.34000015,12.72999954,288.6900024,24.72999954,24.87999916,21.88999939,9.140000343,4.619999886,4.5,47.13000107,57.31000137,28.70000076,21.60000038,16.13999939,28.04999924
{0E5D804B-4D7A-42A3-BE8C-BD04D793C53B},21.04000092,29.40999985,12.65999985,288.6000061,24.18000031,25.57999992,22.43000031,9.039999962,4.110000134,4.360000134,47.65000153,56.61999893,27.88999939,22.07999992,16.45000076,28.20999908
{F42C2ADE-0D3F-4420-8809-BB4CDB5D4AFA},11.09000015,19.86000061,2.319999933,560.9299927,52.31999969,49.41999817,48.93999863,23.09000015,14.57999992,13.42000008,75.29000092,101.1900024,51.81000137,42.04000092,37.38999939,51.43999863
{38CCB345-A4FC-4D78-B601-FCFD4D878355},8.75,17.06999969,0.419999987,545.6500244,51.83000183,52.43000031,51.95000076,29.43000031,15.02000046,9.930000305,60.29000092,85.63999939,58.56000137,38.61999893,42.56999969,49.38000107
{ACC41397-C6A2-48D0-9B32-E583338E14D8},11.93000031,20.37999916,3.470000029,708.5599976,84.36000061,84.16000366,82,36.11000061,19.04000092,6.590000153,69.45999908,94.80000305,62.34000015,44.97999954,51.75,72.97000122
{16A2BF63-459F-4190-B074-839519FC5800},21.45000076,28.67000008,14.22999954,353.5499878,48.06000137,40.52999878,46.95999908,13.65999985,7.71999979,1.75999999,32.63999939,45.86000061,25.19000053,19.68000031,26.52000046,44.97000122
{E9877760-1F69-4FB2-B3B3-4338B0AADEF5},17.29000092,25.35000038,9.229999542,507.0299988,60.63000107,57.97999954,53.54999924,16.11000061,11.10999966,3.680000067,50.81999969,73.06999969,42.99000168,34.00999832,38.88000107,64.19999695
{F9492B54-06C5-4B27-9242-4E66505D7A9D},10.81000042,19.38999939,2.230000019,369.1700134,28.84000015,23.53000069,30.98999977,12.67000008,11.11999989,8.729999542,55.09999847,65.56999969,43.93000031,28.45999908,26.60000038,33.63000107
{638C1F3D-DD42-475B-8935-BD3B38D1E20B},20.25,28.30999947,12.18999958,367.6099854,36.56999969,31.03000069,28.67000008,11.11999989,5.889999866,6.159999847,51.33000183,73.40000153,39.72000122,28.32999992,21.96999931,33.41999817
{05FAB0A8-0C7C-466D-A998-F3EFB60196AA},16.62999916,25.17000008,8.079999924,390.8299866,28.56999969,25.40999985,23.45000076,10.22000027,5.110000134,10.27000046,80.13999939,89.34999847,40.38000107,29.96999931,15.19999981,32.75999832
{93DF0C9C-E1FC-47C6-9F1A-C3504D12778F},17.35000038,26.27000046,8.420000076,336.3800049,20.85000038,16.77000046,13.17000008,8.18999958,6.949999809,11.26000023,77.76000214,84.55999756,37.81000137,24.15999985,13.28999996,21.61000061
{C0854C17-4C53-4B78-B64B-92EEC9143492},17.28000069,26.13999939,8.420000076,332.3699951,21.05999947,16.32999992,13.47000027,8.109999657,7.03000021,11.63000011,76.11000061,81.56999969,35.97999954,23.96999931,13.85999966,23.25
{EAB8CCC1-9C7E-4D8B-88D0-3B7CD0ED4508},15.92000008,22.90999985,8.930000305,431.5499878,81.58000183,116.3600006,80.83000183,24.73999977,9.68999958,1.769999981,1.789999962,1.179999948,4.940000057,19.57999992,29.11000061,59.97999954
{FAA94E34-F280-4F31-8B6B-D326A4D36F9A},18.45000076,24.71999931,12.18000031,385.519989,70.41999817,90.30000305,68.18000031,28.27000046,8.039999962,2.619999886,1.649999976,1.230000019,5.800000191,17.05999947,30.02000046,61.93000031
{A99257B7-E6DA-4646-8E0C-DDE2B7D803DE},17.59000015,23.05999947,12.11999989,335.5799866,70.26999664,80.80000305,54.74000168,22.37000084,5.21999979,2.599999905,0.949999988,1.25999999,4.119999886,15.22999954,27.54999924,50.47000122
{DA66138F-F86E-4FCD-8E03-8F78C8042F5C},17.43000031,22.75,12.10000038,329.6300049,67.01999664,79.72000122,53.95000076,22.20999908,5.099999905,2.559999943,0.930000007,1.179999948,4.400000095,14.85999966,27.04999924,50.65000153
{1BA3F45E-FE23-4123-939C-D0270B57CAA7},6.619999886,14.81000042,-1.580000043,605.5800171,43.52000046,39.43999863,39.63000107,27.40999985,15.65999985,23.46999931,96.16000366,122.3799973,58.34000015,53.25999832,36.52000046,49.79000092
{C0DF2B51-89FB-40EB-8EB0-423FC8515F03},13.02999973,21.13999939,4.920000076,422.0100098,19.93000031,20.90999985,17.04999924,13.43000031,17.87000084,30.88999939,65.97000122,69.75,48.86999893,56.25,30.42000008,30.67000008
{6F2784B1-7685-4527-A746-547CF66EB752},10.47999954,18.39999962,2.559999943,587.1799927,30.62999916,29.84000015,24.63999939,25.04000092,28.76000023,55.59999847,102.1200027,110.5699997,66.90000153,45.02000046,31.29999924,36.75999832
{C7231969-3731-4AA9-A1E4-38FE5184C125},16.87999916,25.45000076,8.300000191,309.1300049,6.75,10.93000031,10.22000027,16.27000046,25.93000031,42.22000122,41.00999832,55.79000092,44.97999954,29.56999969,9.550000191,15.90999985
{F7F53F08-6730-4E55-B049-0E9AE0CEAB1E},15.89000034,25.04000092,6.730000019,361.1300049,9.43999958,11.82999992,12.22000027,14.65999985,44.75999832,46.91999817,51.75,59.40999985,48.65000153,33.31999969,12.5,15.67000008
{AB381DB6-9462-4725-B0D3-5AE2C7E3B931},16.45999908,25.20000076,7.71999979,318.480011,8.109999657,11.06000042,10.10999966,14.60000038,28.30999947,39.95999908,43.45999908,53.18000031,46.27000046,34.27999878,13.38000011,15.76000023
{6D701535-9FB2-4702-B29D-CB9DF761ACE1},16.42000008,25.09000015,7.75,320.4500122,9.510000229,11.26000023,10.25,14.48999977,31.57999992,40.24000168,43.93000031,48.24000168,47.16999817,31.13999939,17.09000015,15.55000019
{38DA65BF-1EFD-4939-82AB-62E88C77A024},17.44000053,25.82999992,9.039999962,348.6900024,10.55000019,12.47000027,12.89000034,15.85000038,31.94000053,38.93999863,48.29999924,52.36999893,62.93000031,27.60000038,17.5,17.35000038
{130AFE10-6B06-4AD8-BA68-6D8FF4A6B0CF},18.11000061,26.81999969,9.390000343,309.8699951,11.06000042,12.93000031,10.25,14.35000038,26.71999931,37.88999939,45.40999985,41.40000153,53.54000092,27.92000008,14.39000034,14.01000023
{E6CAFCC3-4129-4346-8F30-601CE8F27F3B},19.28000069,27.60000038,10.94999981,369.6600037,30.64999962,30.76000023,30.28000069,9.100000381,5.480000019,7.090000153,66.55999756,69.68000031,38.70000076,28.56999969,19.45000076,33.34000015
{F8F18945-C66F-4FCF-AAB3-B2D5846A783D},8.279999733,17.45000076,-0.889999986,410.0700073,21.05999947,19.92000008,20.64999962,13.93999958,14.63000011,15.52000046,78.68000031,93.51000214,49.75,34.38999939,21.94000053,26.07999992
{07736B78-24E8-4333-9EF5-26F4DE559B6C},10.03999996,19.69000053,0.379999995,324.8699951,23.68000031,20.57999992,24.84000015,18,14.68000031,11.43000031,48.18999863,58.88999939,32.15000153,28.07999992,20.80999947,23.54000092
{66A99E83-59FC-47A8-8251-E09C32A482AE},10.01000023,18.51000023,1.50999999,305.2399902,13.76000023,13.59000015,19.63999939,17.10000038,24.47999954,20.28000069,44.58000183,54.52999878,33.83000183,28.67000008,18.02000046,16.76000023
{A673B832-F1F2-4F4D-8028-654EF39E1D05},9.289999962,16.51000023,2.059999943,511.6900024,22.17000008,20.71999931,30.60000038,35.86999893,34.70999908,34.15000153,67.76999664,124.5899963,52.22000122,37.93000031,24.89999962,26.05999947
{4CC21818-81BA-42D2-B873-FA822B1F1CD7},9.409999847,16.63999939,2.170000076,510.2399902,22.43000031,20.87999916,30.89999962,34.61000061,35.11999893,34.61999893,68.83999634,120.6900024,53,38,24.98999977,26.15999985
{CAEAEA08-DB66-4CF7-BF02-1729A79BFDBD},10.28999996,18.12000084,2.450000048,362.6700134,16.12000084,15.40999985,31.15999985,19.71999931,20.96999931,32.06000137,54.31000137,59.34999847,38.91999817,36.5,15.69999981,22.45000076
{1F6A9A85-767E-4B71-BD41-5E495ADF8CB7},10.47999954,18.37999916,2.569999933,348,15.13000011,13.55000019,26.54999924,18.77000046,21.87000084,30.85000038,52.38000107,57.18999863,40.13999939,33.88000107,16.12999916,21.55999947
{28E46F31-8F9B-49B4-8914-8EA077B498D6},11.36999989,19.93000031,2.809999943,323.75,13.32999992,11.39000034,18.96999931,16.04999924,22.73999977,27.63999939,50.09999847,54.47000122,40.29999924,32.99000168,16.75,19.02000046
{6D1C2361-5252-4E77-982B-99F5C5EED589},11.93000031,20.68000031,3.170000076,320.2200012,13.27999973,12.71000004,19.40999985,17.72999954,20,26.10000038,50.22999954,51.56000137,38.61000061,33.04000092,17.81999969,19.72999954
{AA0C72D2-E75D-4F8C-9514-00C33CC5A0B1},6.099999905,15,-2.799999952,351.6300049,14.36999989,16.68000031,26.21999931,26.06999969,29.28000069,25.07999992,49.97000122,53.88000107,41.45000076,27.65999985,20.95999908,20.01000023
{AD58B192-5A36-493C-8632-1EA74271890C},6.190000057,15.39000034,-3.019999981,295.4899902,11.23999977,12.51000023,19.95000076,21.87999916,26.63999939,22.04000092,40.59000015,47.77000046,34.75,24.20000076,16.78000069,17.13999939
{AA875EDA-6E31-446F-8B0D-99710ED81B58},7.949999809,16.92000008,-1.019999981,317.4100037,13.84000015,15.75,23.88999939,21.47999954,30.25,21.35000038,35.88999939,51.95000076,35.79999924,26.46999931,19.13999939,21.60000038
{FA505B88-F615-4FDC-AFF4-FD98E32EE106},7.690000057,16.47999954,-1.110000014,408.4200134,21.14999962,23.32999992,34.90000153,28.53000069,31.62000084,26.97999954,51.04999924,62.34000015,43.52000046,33.56000137,26.60000038,24.84000015
{43856FCC-D0D5-4493-B240-FC10537F7CFA},8.489999771,16.27000046,0.709999979,505.4299927,12.23999977,12.81999969,57.15000153,57.40000153,84.95999908,71.48000336,49.54000092,45.77000046,35.56000137,35.27000046,27.17000008,16.06999969
{E8A7545C-1E88-4453-8A27-F0146D185BF5},4.380000114,10.96000004,-2.210000038,621.3599854,22.37999916,24.67000008,67.83000183,83.01999664,68.69000244,59.65000153,70.40000153,74.94000244,45.27999878,39.77000046,34.02000046,30.70999908
{748A583E-3F17-41AB-9DA0-52CE5CAF38BF},8.710000038,16.54999924,0.860000014,492.980011,12.32999992,13.73999977,53.99000168,57.68999863,81.47000122,69.63999939,48.88000107,44.65000153,36.34999847,33.59999847,24.95000076,15.68999958
{49FBD2CF-8701-4FAF-B1AE-E71EC2160C27},8.18999958,15.86999989,0.5,448.6600037,10.69999981,10.80000019,39.88000107,55.45000076,75.86000061,63.95999908,47.90999985,46.84000015,35.08000183,31.65999985,19.10000038,11.42000008
{88638AA0-E038-4AE0-95F5-7852CE06519C},10.90999985,20.05999947,1.75999999,309.6700134,17.98999977,23,25.87999916,22.76000023,23.70000076,15.02000046,21.97999954,38.77000046,43.02000046,35.29999924,23.87999916,18.37000084
{2E0151D4-B494-4E6D-9792-6B50648D5F4A},11.26000023,18.88999939,3.630000114,324.1000061,18.31999969,18.78000069,25.36000061,29.39999962,27.22999954,16.57999992,26.09000015,35.70999908,33.34000015,42.15999985,30.20000076,20.93000031
{ABBD376C-77DB-485F-B652-AAA489677F52},7.730000019,14.71000004,0.74000001,523.9199829,57.77999878,51.95999908,47.36999893,34.83000183,25.95999908,15.77000046,41.70000076,52.84000015,51.41999817,52.68000031,42.45000076,49.15999985
{96DD6C9A-2A33-45D9-B3DC-D829AAC6B199},8.579999924,16.62999916,0.529999971,316.1000061,20.06999969,23.14999962,25.5,20.37999916,21.90999985,9.899999619,31.97999954,35.20000076,38.18000031,41.13000107,26.13999939,22.55999947
{B889B004-BE42-4734-8CF6-0D49A905B5D7},5.570000172,14.11999989,-2.980000019,311.9200134,13.13000011,14.27999973,19.87000084,19.19000053,25.45000076,19.95999908,48.86000061,57.04000092,35.90000153,25.79000092,16.31999969,16.12999916
{C5EC404D-BB29-4F4E-82C7-F1C25430F175},4,10.57999992,-2.579999924,604.8699951,24.26000023,23.98999977,60.52000046,76.66000366,65,63.33000183,67.51000214,72.90000153,45.81000137,39.04999924,34.88000107,30.95999908
{EC530C06-8718-4A80-8C17-609F89207F23},10.61999989,18.09000015,3.140000105,302.0499878,18.35000038,18.63999939,27.37999916,31.28000069,28.31999969,18.82999992,18.02000046,25.71999931,35.79000092,35,26.31999969,18.39999962
{BF8E6B54-8856-455A-B98C-BEC6C932C713},4.309999943,13.44999981,-4.840000153,295.6799927,16.53000069,15.11999989,18.67000008,18.48999977,27.65999985,17.19000053,33,51.54000092,31.32999992,30.98999977,18.09000015,17.06999969
{6F58BEED-582B-4DCE-9C1C-09524D914042},4.309999943,13.44999981,-4.840000153,295.6799927,16.53000069,15.11999989,18.67000008,18.48999977,27.65999985,17.19000053,33,51.54000092,31.32999992,30.98999977,18.09000015,17.06999969
{DA1B271F-E6F4-4C6A-BCE6-0714FB4F955C},11.60999966,19.77000046,3.440000057,275.1400146,19.93000031,19.93000031,23.81999969,18.70000076,23.75,16.42000008,18.73999977,32.95999908,30.10000038,28.54999924,21.55999947,20.68000031
{4B77E7B6-75DC-44E6-8D76-12DBC1AD9295},9.590000153,16.69000053,2.480000019,308.6300049,18.88999939,17.55999947,26.20000076,26.87000084,27.45000076,15.47000027,23.45999908,33.79999924,36.08000183,33.81000137,25.51000023,23.53000069
{BD0FC776-F618-41D7-9E7B-ECC757B2B8F1},10.89999962,18.98999977,2.799999952,228.2700043,12.68000031,12.07999992,14.81000042,17.57999992,22.31999969,14.10000038,21.61000061,28.15999985,26.5,27.29000092,18.04999924,13.09000015
{BEB5A382-7365-45AA-86B4-9DB393C1A2E6},10.72000027,18.78000069,2.650000095,232.8200073,12.23999977,11.89000034,13.18999958,17.62999916,23.56999969,13.64999962,24.46999931,30.62000084,26.72999954,27.03000069,18.87000084,12.93000031
{CB632178-6F30-4354-A607-5D56B2127A42},6.599999905,13.76000023,-0.569999993,293.5799866,11.46000004,14.47999954,22.89999962,30.93000031,37.91999817,28.81999969,22.56999969,26.78000069,36.99000168,31.12999916,15.09000015,14.51000023
{EB1ECD0B-A9CA-4AA9-B6A7-4A3A51E98199},6.75,14.02000046,-0.529999971,283.1099854,10.89999962,13.85999966,22.57999992,30.10000038,36.38000107,28.17000008,21.22999954,24.57999992,36.40999985,29.61000061,14.93000031,14.35999966
{3E93C6E1-881E-4C01-BACE-13BF8AA6467A},5.519999981,12.35999966,-1.330000043,260.4299927,10.90999985,12.47000027,20.22999954,28.18000031,36.18999863,24.29000092,21.04999924,20.38999939,30.20999908,28.59000015,15.60000038,12.31999969
{28A4A76E-A208-494C-9AC4-48C256203AE4},6.019999981,12.98999977,-0.959999979,264.4299927,13.35000038,14.40999985,19.82999992,27.95000076,37.38000107,27.20999908,18.97999954,20.96999931,29.97999954,26.87999916,15.35000038,12.14000034
{3BDF9321-722E-4B15-9080-C965C5F24848},4.78000021,12.59000015,-3.039999962,411.1000061,28.27000046,30.79000092,35.54000092,40.90000153,51.09999847,35.75999832,23.47999954,27.12999916,32.25999832,39.02000046,36.70999908,30.13999939
{A485A5B9-2436-4C06-8139-91E11900229D},7.309999943,15.84000015,-1.220000029,374.8500061,19.85000038,21.21999931,29.44000053,39.97999954,38.29999924,29.80999947,32.16999817,33.86999893,38.66999817,38.63999939,31.78000069,21.12000084
{6C4C6810-7B60-46D4-B81A-96534F8475EA},3.049999952,11.68000031,-5.579999924,395.3399963,24.40999985,28.23999977,30.64999962,37.63000107,39.77999878,32.36000061,39.97000122,40.93999863,37.31000137,28.09000015,29.37000084,26.59000015
{B06A532B-FD7D-4335-BBB9-3945B0EE78EE},4.210000038,12.71000004,-4.289999962,439.6799927,28.80999947,29.28000069,34.33000183,34.33000183,36.06999969,33.88999939,43.58000183,45.20000076,47.34000015,37.15000153,35.41999817,34.27999878
{3B971CC1-E11F-4F2F-8A52-46B8A367FB3A},4.579999924,12.97999954,-3.819999933,505.8399963,36.13999939,37.56999969,44.18999863,44.09000015,39.09000015,33.22000122,44.41999817,43.25,54.27000046,42.13999939,47.08000183,40.38000107
{4194FC14-5A5D-4A6D-BF15-EE32ED00D43C},2.75,10.51000023,-5.010000229,684.3900146,81.29000092,61.81999969,59.95999908,57.90999985,66.44000244,45.40000153,31.44000053,29.31999969,34.09999847,49.93000031,81.23000336,85.55000305
{645520CB-1975-4757-BA6E-0094C71DB7B8},6.190000057,13.93999958,-1.559999943,212.9600067,10.82999992,11.26000023,16.47999954,22.69000053,32.84000015,20.70000076,16.34000015,14.81000042,20.95000076,21.90999985,13.60999966,10.53999996
{AEB37E53-6D67-499B-A44C-3D8B3D12FAC7},1.830000043,10.64000034,-6.980000019,447.2399902,48.22000122,42.27000046,33.95999908,26.95000076,40.41999817,37.20999908,29.71999931,29.13999939,33.09000015,31.44000053,44.5,50.31999969
{0A373DEB-B4D1-4FAB-8B02-DD28649DFBB0},2.059999943,10.18999958,-6.070000172,496.7399902,56.45000076,47.08000183,41.97000122,36.61000061,50.88999939,37.81000137,24.57999992,28.61000061,31.68000031,34.99000168,50.61000061,55.45999908
{8C3DC96A-7E5D-43D0-B6B8-5BAD47DBA097},3.789999962,12.73999977,-5.170000076,191.0299988,8.159999847,9.020000458,10.22000027,16.54000092,31.96999931,23.98999977,20.71999931,17.37999916,23.48999977,13.61999989,7.5,8.420000076
{91C3D3D4-6344-4771-B8CB-FD442D460E75},3.170000076,9.069999695,-2.730000019,510.75,18.81999969,20.77000046,42.61000061,57.72000122,88.73000336,67.15000153,54.97000122,28.95000076,44.58000183,41.24000168,26.82999992,18.37999916
{D1A681FD-B544-45DE-BC8C-96D861ADD202},3.769999981,11.07999992,-3.549999952,649.4400024,57.97999954,51.5,61.63999939,74.61000061,75.56999969,44.79000092,30.54000092,32.97000122,50.86000061,55.68999863,58.34000015,54.95000076
{D26C6B61-C75F-4D91-9300-1F991022985C},4.489999771,11.28999996,-2.319999933,504.0499878,31.13999939,34.47000122,47.59000015,57.06999969,65.22000122,45.02999878,35.65000153,29.30999947,38.56000137,32.61000061,51.43000031,35.97000122
{F98FA446-9B93-43A4-9BDF-48869944A1DB},1.50999999,7.880000114,-4.869999886,952.25,87.51000214,85.90000153,106.5100021,123.2099991,99.48999786,63.38000107,38.65999985,34.75,50.65000153,72,96.62999725,93.55999756
{49BF5BE1-B322-46A8-AEF0-46BD71AB9225},6.329999924,13.90999985,-1.25,302.7900085,9.649999619,16.07999992,20.62000084,29.52000046,47.02000046,34.86000061,28.98999977,25.69000053,26.19000053,24.80999947,23.37000084,15.98999977
{7677F32A-5B00-4979-85BF-12EDFDF58F6C},5.429999828,12.27999973,-1.429999948,542.3599854,15.23999977,27.67000008,39.25,61.22999954,92.83999634,70.63999939,49.43999863,33.68999863,40.47000122,52.18999863,34.95000076,24.75
{9E6A1F6C-0D94-4577-BBF9-E7E0D7C35AB9},11.17000008,18.97999954,3.359999895,314.75,23.69000053,23.37000084,27.90999985,24.11000061,27.25,17.60000038,21.52000046,34.24000168,35.00999832,32.72999954,24.34000015,22.97999954
{A8D73FFA-AE56-49FB-9EE7-ED8180B3B084},9.890000343,17.03000069,2.74000001,305.6199951,18.12999916,16.96999931,27.90999985,27.39999962,25.95000076,17.20000076,21.10000038,33.54999924,35.88999939,32.15000153,24.93000031,24.44000053
{C07FE7FD-F1DB-422C-98FB-8648BE6493CA},-0.090000004,6.28000021,-6.460000038,1139.119995,98.08000183,100.8300018,119.1600037,132.1100006,116.8000031,61.38999939,59.97000122,60.88999939,73.02999878,90.52999878,118.7200012,107.6100006
{C2C849C7-214D-45E5-A228-F81FBB08543A},7.179999828,14.67000008,-0.319999993,411.8200073,10.68000031,12.51000023,38.5,49.75999832,70.44000244,53.45999908,44.38000107,46.25,30.09000015,28.27000046,16.62000084,10.85999966
{4F0009A8-27B8-4504-B56F-BB17F11388B4},8.270000458,15.97000027,0.569999993,458.25,11.05000019,10.94999981,40.63000107,56.11999893,76.73999786,67.15000153,49.06999969,47.29999924,35.97000122,32.15000153,19.45999908,11.65999985
{C96A2D4D-8554-47C3-A2F1-5EE22BCF0BBC},8.579999924,16.39999962,0.75,458.1799927,9.800000191,9.010000229,40.88999939,56.43999863,79.69999695,70.54000092,46.29999924,46.75999832,35.54000092,33,19.29000092,10.90999985
{7F116A39-EE93-4A8A-9EAC-A21431D8E35C},8.279999733,16.75,-0.200000003,253.7200012,20.26000023,22.05999947,24.68000031,25.38999939,24.62000084,17.53000069,16.85000038,22.27000046,22.34000015,25.34000015,16.59000015,15.78999996
{FEDD663B-6EEB-44C0-B4B7-EEDA6CA8D8D7},8.390000343,17.70999908,-0.930000007,238.2799988,24.90999985,19.37999916,22.04999924,27.57999992,27.20999908,17.60000038,7.820000172,9.090000153,13.22999954,20.07999992,24.93000031,24.39999962
{E4649AE8-81F2-491B-8775-F01ACC07A2E3},8.319999695,17.60000038,-0.959999979,235.4900055,24.76000023,18.97999954,21.40999985,27.27000046,26.79999924,18.19000053,7.829999924,9.260000229,12.64999962,19.85000038,24.5,23.98999977
{EE1B3227-CE70-4D32-97AE-E1B87388CCE1},7.96999979,16.90999985,-0.980000019,273.3800049,28.63999939,22.87999916,28.11000061,30.20999908,33.38000107,21.12999916,7.760000229,9.289999962,14.76000023,21.95999908,27.31999969,27.94000053
{D9B33486-3745-4513-9101-5475A775DD9B},11.27999973,19.60000038,2.950000048,226.7899933,31.86000061,31.81999969,21.98999977,15.28999996,15.73999977,14.56999969,9.619999886,8.829999924,10.15999985,13.42000008,25.56999969,27.92000008
{5B3B4CA7-B962-4FC3-A59D-86BEB3EBD155},10.22000027,18.69000053,1.74000001,247.6999969,40.24000168,39.36000061,27.60000038,11.18999958,11.23999977,10.51000023,7.369999886,4.25,8.420000076,17.62000084,30.15999985,39.74000168
{FD4E312A-9AFE-4DFC-844D-3308FD8A5C5D},10.77000046,19.09000015,2.450000048,277.2799988,46.29000092,46.61999893,26.45999908,13.94999981,12,12.35000038,4.639999866,5.309999943,9.380000114,18.79000092,33.66999817,47.81999969
{17CD3DCE-3CE9-4C74-A866-7AE152ACE663},7.090000153,14.01000023,0.170000002,1606.390015,253.5,253.7799988,218.6799927,135.9900055,90.55999756,30.29999924,6.289999962,8.149999619,23.87999916,93.76999664,196.4100037,295.0799866
{166BF7D4-9B48-4C85-841A-ADF5DA2FC029},10.22000027,17.95000076,2.49000001,340.9200134,51.52000046,52.56000137,38.50999832,20.43000031,18.86000061,13.94999981,6.710000038,8.920000076,12.65999985,20.72999954,39.81000137,56.25999832
{FADB518F-8CC5-4F87-820A-C238D1B723D5},10.32999992,18.86000061,1.799999952,216.7200012,35.27999878,33.45000076,23.81999969,9.979999542,9.859999657,9.630000114,6.909999847,4.210000038,7.369999886,16.95999908,25.37999916,33.86999893
{748B9C3A-CC15-4CB7-A0ED-4E0F1AA5B142},17.67000008,25.63999939,9.699999809,140.4199982,18.04999924,22.46999931,18.15999985,6.400000095,4.269999981,1.799999952,12.82999992,11.86999989,9.140000343,8.630000114,10.77999973,16.02000046
{E7723A40-D609-4386-9731-CD2DC21FD69A},14.03999996,20.79999924,7.28000021,286.0400085,34.52000046,48.58000183,42.33000183,14.32999992,7.71999979,3.670000076,27.64999962,23.12999916,17,16.95000076,20.59000015,29.56999969
{AF9CBBEB-DA8B-4613-982A-8C87B5C89F96},13.14000034,21.48999977,4.78000021,500.8299866,102.6999969,105.0199966,82.41000366,28.57999992,13.10999966,3.880000114,7.570000172,10.13000011,5.170000076,14.21000004,51.68000031,76.37000275
{F238494B-0251-4BFF-BE45-9C58A388CBF1},10.43000031,16.92000008,3.930000067,956.9699707,173.8800049,159.2700043,152.6600037,82.58999634,49.79000092,14.81999969,9.739999771,4.320000172,18.07999992,55.97999954,96.05000305,139.7899933
{89A5B7C0-9616-4364-95A6-DE801FC8E4BD},16.59000015,23.84000015,9.340000153,659.5700073,120.6900024,119.1600037,108.5800018,54.70000076,26.79000092,7.590000153,1.399999976,0.75,10.32999992,37.43000031,64.27999878,107.8700027
{6162F393-6BBD-4A6A-A3E3-F1D022C10485},9.289999962,17.36000061,1.220000029,411.0799866,68.23000336,64.84999847,50.22999954,22.22999954,16.13999939,12.18000031,6.670000076,8.31000042,14.31999969,25.04000092,50,72.87999725
{52403A9A-54BC-45F5-B23D-D29658219B59},9.020000458,17.20000076,0.839999974,369.9599915,63.49000168,62.06999969,45.43000031,18.12999916,15.40999985,12.22999954,5.139999866,5.71999979,12.10999966,22.37000084,46,61.86000061
{FAB5EE74-1DBB-4AE1-97F6-6AE088766AAD},13.60000038,21.45000076,5.75,1198.280029,218.3099976,197.9100037,184.7100067,93.05999756,63.47999954,14.75,1.960000038,2.400000095,19.37000084,68.91000366,139.4700012,193.9499969
{CAC9CA19-997C-411D-8982-3F6F5B5A5D9B},13.14000034,21.36000061,4.909999847,985.710022,187.5200043,172.7700043,164.1100006,78.93000031,43.90000153,10.61999989,1.470000029,1.99000001,10.56000042,54.43000031,99.70999908,159.6999969
{2FEF0481-C3A9-47DC-90C1-EF2A19E2212B},9.329999924,15.65999985,2.99000001,1245.359985,214.5700073,208.4799957,187.4199982,105.5999985,66.34999847,19.88999939,7.170000076,4.550000191,26.76000023,75.01000214,137.7400055,191.8200073
{B6224C76-FD28-40E6-AA68-78F21457286B},10.59000015,18.35000038,2.819999933,1579.319946,316.2099915,252.0200043,193.9100037,110.3199997,63.06999969,18.95000076,4.840000153,6.639999866,19.53000069,77.93000031,210.4199982,305.480011
{12CFE0F7-37CC-442B-9980-A3D7A92E2935},10.68999958,18.55999947,2.809999943,1593.02002,344.8900146,246.9299927,194.4100037,106.5100021,62.56000137,19.01000023,4.690000057,6.230000019,20.61000061,77.33000183,207.5800018,302.269989
{93875B9D-4BE9-4E08-835D-295202FFAD39},13.42000008,21.75,5.079999924,1685.609985,332.3299866,266.6300049,202.0500031,109.2399979,59.99000168,17.27000046,2.359999895,8.789999962,12.90999985,90.48999786,207.3399963,376.2099915
{B562BACC-AA9B-418E-BB0D-5E11A8A2B534},11.63000011,15.5,7.760000229,1796.280029,270.269989,233.6399994,239.6600037,148.7899933,89.76000214,50.25,8.699999809,13.68000031,28,115.5699997,257.8500061,340.1099854
{1B1CB449-1FA2-498A-8CB0-2FBB4DF6B658},13.43999958,19.98999977,6.889999866,1510.410034,267.7099915,234.9199982,206.7400055,111.3499985,57.97000122,20.86000061,3.069999933,6.869999886,16.80999947,78.11000061,196.6100006,309.3900146
{16894BF5-B3D9-4D40-BA70-037CD685382B},11.42000008,14.89000034,7.940000057,1781.369995,268.8299866,230.4900055,229.8099976,145.9499969,90.70999908,50.31999969,8.920000076,14.18999958,28.54000092,116.1500015,257.6799927,339.7799988
{F1B3DEF9-16D2-4397-8939-8A43FF1C0F28},13.61999989,18.07999992,9.159999847,364.9200134,72.06999969,71.51999664,61.00999832,30.79999924,10.18000031,2.089999914,0.409999996,0.920000017,3.579999924,16.43000031,39.27999878,56.63000107
{90190FDB-89E1-4C3A-A5AD-08513D7CE265},14.09000015,19.19000053,8.989999771,371.6300049,74.02999878,68.84999847,65.08000183,28.95999908,12.30000019,2.470000029,0.340000004,0.819999993,4.070000172,17.64999962,39.31999969,57.74000168
{18F1B7F2-30B8-4442-8996-A6C3CCD5376B},21.68000031,29.89999962,13.46000004,222.3399963,27.60000038,29.95999908,26.87000084,8.050000191,2.75,0.610000014,18.86000061,29.59000015,18.96999931,14.18000031,18.84000015,26.05999947
{BDD49962-D648-4DE4-8759-6CF9F27E9666},20.45999908,28.81999969,12.09000015,294.4500122,36.15999985,39.88999939,33.24000168,10.60999966,4.28000021,1.590000033,28.45999908,42.54000092,24.70999908,17.87999916,23.12999916,31.95999908
{DC37829E-DEA9-485A-873D-D2BD7C2665C5},19.98999977,28.87000084,11.10000038,303.4100037,36.52999878,39.86000061,32.77000046,10.32999992,4.510000229,2.519999981,34.34999847,45.58000183,29.15999985,16.11000061,21.57999992,30.11000061
{1B77F8A2-DC2C-45F9-876B-7480FBE34141},10.21000004,17.19000053,3.230000019,731.2800293,73.68000031,83,76.33999634,29.94000053,16.60000038,11.03999996,124.5599976,114.9899979,68.44000244,39.43999863,37.20000076,56.04999924
{1BC1CD1D-2A76-4750-9627-3EFEA3FC3EA7},18.45000076,24.71999931,12.18000031,385.519989,70.41999817,90.30000305,68.18000031,28.27000046,8.039999962,2.619999886,1.649999976,1.230000019,5.800000191,17.05999947,30.02000046,61.93000031
{C87CAE26-0F0E-406B-92FE-5F945C710045},18.17000008,26.14999962,10.18999958,385.1799927,83.77999878,96.76999664,70.70999908,25.43000031,6.21999979,2.180000067,1.470000029,1.789999962,4.920000076,16.56999969,31.93000031,43.40999985
{207E5E65-55CC-4D29-AF31-955D243AD442},18.27000046,26.95999908,9.569999695,330.2900085,70.30000305,84.19999695,47.22999954,19.37999916,6.099999905,1,2.569999933,1.860000014,3.869999886,15.47999954,24.84000015,53.45999908
{D0C6954C-3204-4200-B456-87BB05B3B95A},20.35000038,27.69000053,13,346.9299927,40.81999969,46.65999985,40.29999924,16.79000092,6.309999943,1.5,30.23999977,47.79000092,26.57999992,27.97999954,22.76000023,39.20000076
{2B860B35-9215-4995-A95A-312A8A4D6162},20.69000053,28.17000008,13.19999981,122.0800018,15.97999954,20.03000069,16.57999992,2.880000114,2.789999962,1.00999999,10.07999992,10,7.28000021,12.28999996,9.640000343,13.52000046
{098ED077-83E0-4E84-9779-A3D2835436F8},20.10000038,27.71999931,12.47000027,112.8700027,15.44999981,18.62000084,12.51000023,5.019999981,3.440000057,1.129999995,9.140000343,9.050000191,6.840000153,8.649999619,10.17000008,12.85000038
{AA7C0D16-05B2-4644-B18A-477AD8A0C2DD},15.68000031,24.12000084,7.230000019,290.3999939,27.60000038,40.22999954,33.72999954,15.72999954,6.400000095,2.440000057,24.34000015,46.56999969,32.43000031,22.12999916,18.96999931,19.82999992
{DB09B47E-2160-42E9-AAC9-02ADA2C24654},16.90999985,23.72999954,10.09000015,223.9299927,28.56999969,45.47999954,31.90999985,10.67000008,4.260000229,2.50999999,18.60000038,17.42000008,12.22999954,13.42000008,17.72999954,21.12999916
{643F5396-780D-4B62-804D-25C02EB17B2D},16.11000061,22.80999947,9.399999619,263.7000122,33.34999847,48.22000122,38.5,13.27000046,5.849999905,3.190000057,24.04000092,20.37999916,14.67000008,16.07999992,20.02000046,26.12999916
{0FCA084D-D648-439B-A395-545D6CEB66E5},16.11000061,22.80999947,9.399999619,263.7000122,33.34999847,48.22000122,38.5,13.27000046,5.849999905,3.190000057,24.04000092,20.37999916,14.67000008,16.07999992,20.02000046,26.12999916
{CB8E893F-DB9F-485C-9078-8D628674E89D},16.40999985,23.15999985,9.659999847,239.5299988,32.22999954,46.34999847,31.94000053,10.93999958,5.230000019,2.480000019,21.59000015,17.72999954,12.90999985,15.35000038,19.35000038,23.43000031
{0E999336-86B6-4F9B-B719-FB68A2B1237C},15.52000046,22.19000053,8.840000153,325.769989,39.95999908,63.16999817,52.45000076,17.84000015,6.269999981,4.099999905,26.89999962,25.04000092,17.45000076,18.5,23.72999954,30.36000061
{F092D24A-EB77-461A-BD52-FD733D22004F},15.52000046,22.19000053,8.840000153,325.769989,39.95999908,63.16999817,52.45000076,17.84000015,6.269999981,4.099999905,26.89999962,25.04000092,17.45000076,18.5,23.72999954,30.36000061
{535F78A0-E097-465B-9DC2-4C7CDCFA9925},16.92000008,25.15999985,8.670000076,430.7000122,47.61000061,53.40000153,46.27999878,17.84000015,8.369999886,5.099999905,44.52000046,62.45999908,44.09000015,26.46999931,29.62000084,44.93999863
{CD1B94B5-05AC-4A6C-B423-247BA3F5FE1C},10.22000027,17.95000076,2.49000001,340.9200134,51.52000046,52.56000137,38.50999832,20.43000031,18.86000061,13.94999981,6.710000038,8.920000076,12.65999985,20.72999954,39.81000137,56.25999832
{B9193A56-4111-43E2-8CF6-E7E301C0B9EA},13.61999989,18.07999992,9.159999847,364.9200134,72.06999969,71.51999664,61.00999832,30.79999924,10.18000031,2.089999914,0.409999996,0.920000017,3.579999924,16.43000031,39.27999878,56.63000107
{10874E06-DD16-4543-AD3A-A71FA3ACCB7E},14.09000015,19.19000053,8.989999771,371.6300049,74.02999878,68.84999847,65.08000183,28.95999908,12.30000019,2.470000029,0.340000004,0.819999993,4.070000172,17.64999962,39.31999969,57.74000168
{6DA3E38E-4600-4D84-91CA-35C8FF63ED2F},10.77000046,19.09000015,2.450000048,277.2799988,46.29000092,46.61999893,26.45999908,13.94999981,12,12.35000038,4.639999866,5.309999943,9.380000114,18.79000092,33.66999817,47.81999969
{FDB13E97-47EB-4C32-95F7-D28F685E57C1},10.32999992,18.86000061,1.799999952,216.7200012,35.27999878,33.45000076,23.81999969,9.979999542,9.859999657,9.630000114,6.909999847,4.210000038,7.369999886,16.95999908,25.37999916,33.86999893
{C4BC71C8-6FE0-46EB-825F-EF6454EFFB30},10.22000027,18.69000053,1.74000001,247.6999969,40.24000168,39.36000061,27.60000038,11.18999958,11.23999977,10.51000023,7.369999886,4.25,8.420000076,17.62000084,30.15999985,39.74000168
